t,crank,cam,knock,ion
0,1,1,-0.0958690157,0.00520098925
4e-05,1,1,-0.0019370321,0.00415731325
8e-05,1,1,0.0164285073,0.00817641983
0.00012,1,1,0.068230965,0.00449767539
0.00016,0,1,0.14558832,0.000436413905
0.0002,0,1,0.0602426384,-0.0076346076
0.00024,0,1,-0.0104219146,0.00994282172
0.00028,0,1,-0.00671025644,0.0230366649
0.00032,1,1,-0.0542112628,0.0240738048
0.00036,1,1,0.0334209184,0.00734430711
0.0004,1,1,0.0133549761,0.0143926456
0.00044,1,1,-0.152215431,0.00863539255
0.00048,0,1,0.0151280047,-0.00246874426
0.00052,0,1,-0.0768634637,-0.00220797276
0.00056,0,1,-0.0600165261,-0.000320833021
0.0006,0,1,0.0230221629,-0.00479711098
0.00064,1,1,0.0534502076,0.0150006213
0.00068,1,1,0.0161419453,0.0133077237
0.00072,1,1,0.0183079249,-0.0088556903
0.00076,1,1,0.0400775633,0.000825643957
0.0008,0,1,-0.0152307239,0.0113108381
0.00084,0,1,0.122410795,0.0199513499
0.00088,0,1,-0.070054891,0.00550790436
0.00092,0,1,0.0198336267,-0.00777505535
0.00096,1,1,-0.0278037377,-0.000444389785
0.001,1,1,0.0302622518,0.00718418901
0.00104,1,1,0.0059225895,0.00104983595
0.00108,1,1,-0.0879767816,0.00582553329
0.00112,1,1,-0.010922712,0.000915105863
0.00116,0,1,0.0301457119,0.00315528988
0.0012,0,1,-0.0524008457,-0.00379060697
0.00124,0,1,0.033006936,-0.0208998261
0.00128,0,1,0.0233785986,-0.00709147336
0.00132,1,1,0.0576662631,0.00488081062
0.00136,1,1,0.0251137143,-0.00212789217
0.0014,1,1,-0.058415881,0.00155688641
0.00144,1,1,-0.0432014424,0.00870194403
0.00148,0,1,-0.0145201251,0.00867388726
0.00152,0,1,0.016635918,0.00257556183
0.00156,0,1,0.0159864621,0.00517245886
0.0016,0,1,-0.126626303,0.0195235443
0.00164,1,1,0.0217501658,-0.00238258365
0.00168,1,1,0.197410575,0.00187498321
0.00172,1,1,-0.224294087,0.0201088997
0.00176,1,1,-0.110936855,-0.0164106706
0.0018,0,1,0.226685613,0.0124980468
0.00184,0,1,-0.158834663,-0.0201708137
0.00188,0,1,-0.0478528813,-0.0089093462
0.00192,0,1,0.0866473992,0.00450781736
0.00196,1,1,0.0299154596,-0.0110131317
0.002,1,1,-0.0366616275,-0.00613238236
0.00204,1,1,0.0793650994,-0.00402670182
0.00208,1,1,-0.0219534293,0.00193188922
0.00212,0,1,-0.0918400487,-0.0101258096
0.00216,0,1,0.0953432226,-0.00112907125
0.0022,0,1,0.0186473809,0.0106347126
0.00224,0,1,-0.130052762,-0.0174530676
0.00228,1,1,0.0489001076,-0.0103490393
0.00232,1,1,-0.0120514977,-0.0157000022
0.00236,1,1,0.00446404582,-0.00301287335
0.0024,1,1,0.028698011,-0.00141248576
0.00244,1,1,-0.0106935196,-0.00484682867
0.00248,0,1,-0.0717474992,0.0214873136
0.00252,0,1,0.00730705737,0.00801363191
0.00256,0,1,0.0395065794,0.00271314835
0.0026,0,1,0.00382015099,-0.0150150074
0.00264,1,1,0.0716445832,-0.00571835271
0.00268,1,1,-0.00957265342,0.0148735057
0.00272,1,1,-0.0561432444,-0.00303507006
0.00276,1,1,-0.0222487681,-0.0146388348
0.0028,0,1,0.0881951216,-0.00904937221
0.00284,0,1,-0.00186601097,-0.0128787748
0.00288,0,1,-0.0654719676,0.0054714797
0.00292,0,1,0.0175972111,0.00579366019
0.00296,1,1,-0.0650932375,0.0158907435
0.003,1,1,0.0165561031,-0.00246412964
0.00304,1,1,0.0523492914,-0.00384634044
0.00308,1,1,-0.00773498953,0.00935048263
0.00312,0,1,-0.0212595961,-0.00244701112
0.00316,0,1,0.0373007371,-0.0051851302
0.0032,0,1,0.0154842212,0.00392233421
0.00324,0,1,-0.0243917578,0.0090607914
0.00328,1,1,0.0539323222,0.00273370542
0.00332,1,1,0.0495640532,-0.00206538889
0.00336,1,1,0.0212053683,0.0102932336
0.0034,1,1,0.0249782075,-0.00729518581
0.00344,0,1,-0.0415078147,0.00390368342
0.00348,0,1,0.00492869509,-0.00176224325
0.00352,0,1,0.0379879115,0.00674940834
0.00356,0,1,-0.0726987906,0.00320831724
0.0036,0,1,-0.0599549643,-0.00200359951
0.00364,1,1,0.059025305,0.013762103
0.00368,1,1,-0.0142286727,0.00539246113
0.00372,1,1,0.0118564245,0.00181591555
0.00376,1,1,0.0174834843,-0.00224592615
0.0038,0,1,0.0604222939,-0.0281622797
0.00384,0,1,0.0156347263,-0.000562928205
0.00388,0,1,0.0138668785,-0.00589420177
0.00392,0,1,-0.036194504,-0.00492562289
0.00396,1,1,-0.00491332754,-0.0113800686
0.004,1,1,-0.0517162177,0.0160244947
0.00404,1,1,-0.0319272481,0.00662414694
0.00408,1,1,0.0103973397,0.00271357142
0.00412,0,1,-0.0262385043,-0.0103532275
0.00416,0,1,-0.0288912595,-0.0108233461
0.0042,0,1,0.0302067101,0.01708447
0.00424,0,1,-0.0237899521,-0.0107128459
0.00428,1,1,0.0771474761,-0.00135747836
0.00432,1,1,-0.0828522598,-0.0237387081
0.00436,1,1,0.00496179068,0.0180327977
0.0044,1,1,0.00132351604,-0.0242769628
0.00444,0,1,-0.00145206761,-0.00353236708
0.00448,0,1,0.0167571382,-0.0325264791
0.00452,0,1,0.0680162618,0.00233137041
0.00456,0,1,0.0130523993,0.0140048821
0.0046,1,1,-0.0855328409,-0.0231017166
0.00464,1,1,0.00156194504,-0.0132997332
0.00468,1,1,-0.0221683068,0.0019927896
0.00472,1,1,-0.0402816486,-0.00982158903
0.00476,1,1,0.023167382,0.000166251009
0.0048,0,1,-0.0320219094,0.00110689626
0.00484,0,1,0.095879916,0.0190118763
0.00488,0,1,-0.048029467,3.53104642e-05
0.00492,0,1,0.040245248,0.00737246625
0.00496,1,1,-0.00553528409,0.0162172397
0.005,1,1,-0.0207885285,0.010602
0.00504,1,1,-0.0552389002,0.000478416109
0.00508,1,1,-0.0235601406,0.00446246745
0.00512,0,1,-0.0736838049,-0.00331250816
0.00516,0,1,0.0475364083,0.0033355129
0.0052,0,1,-0.0113562591,-0.0130413361
0.00524,0,1,-0.112996413,0.0168506426
0.00528,1,1,0.1244138,-0.00506936631
0.00532,1,1,-0.0692683358,-0.0147387473
0.00536,1,1,-0.0997598271,-0.00425608062
0.0054,1,1,0.0227924321,-0.000390296959
0.00544,0,1,-0.0524284907,-0.0121099435
0.00548,0,1,0.0884925677,-0.0240477348
0.00552,0,1,-0.0731520845,-0.00322943246
0.00556,0,1,0.0713661064,-0.0111775182
0.0056,1,1,-0.0535253626,0.0142445612
0.00564,1,1,-0.120279322,0.0125971482
0.00568,1,1,0.023652837,0.00152420045
0.00572,1,1,0.0108945541,0.000142508814
0.00576,1,1,0.0987223302,-0.015481851
0.0058,0,1,-0.0913620641,-0.0170641327
0.00584,0,1,-0.00399509593,-0.0286566658
0.00588,0,1,0.0377751038,-0.0127998008
0.00592,0,1,-0.0243079287,-0.00382811173
0.00596,1,1,0.110535862,0.00825232147
0.006,1,1,0.0266955739,0.0157715908
0.00604,1,1,-0.107480933,0.0174887355
0.00608,1,1,0.0214625143,0.0354175205
0.00612,0,1,0.0104196904,0.0516041084
0.00616,0,1,0.0503211201,0.122048766
0.0062,0,1,-0.016678995,0.189510169
0.00624,0,1,0.0647527156,0.297606999
0.00628,1,1,0.0594537426,0.415937323
0.00632,1,1,-0.0474383547,0.571544659
0.00636,1,1,-0.025991772,0.718988533
0.0064,1,1,-0.0704983619,0.858307019
0.00644,0,1,-0.0524950008,0.979287101
0.00648,0,1,-0.0257628348,1.04020837
0.00652,0,1,0.0606114279,1.02850767
0.00656,0,1,0.0741892731,0.941118439
0.0066,0,1,-0.0208874023,0.841369562
0.00664,1,1,0.00428751544,0.717466163
0.00668,1,1,0.0295522715,0.598037141
0.00672,1,1,0.0347873446,0.449212803
0.00676,1,1,0.0746548183,0.368571059
0.0068,0,1,0.0810490323,0.291191019
0.00684,0,1,0.0342477818,0.275014429
0.00688,0,1,0.0411685024,0.267666614
0.00692,0,1,0.0363417474,0.266231584
0.00696,1,1,0.0765624618,0.291084266
0.007,1,1,0.128890221,0.338484389
0.00704,1,1,0.0566004717,0.357421528
0.00708,1,1,0.0581812417,0.377829976
0.00712,0,1,0.144103243,0.433860485
0.00716,0,1,0.138041742,0.474630725
0.0072,0,1,0.213204754,0.50070792
0.00724,0,1,0.0872315623,0.523332841
0.00728,1,1,0.111728901,0.544432946
0.00732,1,1,0.137740742,0.569696983
0.00736,1,1,0.232569488,0.588233675
0.0074,1,1,0.112383045,0.585062521
0.00744,1,1,0.19591177,0.603677875
0.00748,0,1,0.104382044,0.605403452
0.00752,0,1,0.162980709,0.588279512
0.00756,0,1,0.0782569751,0.587128453
0.0076,0,1,0.117002887,0.562388332
0.00764,1,1,0.116325073,0.527601918
0.00768,1,1,0.202149792,0.508178741
0.00772,1,1,0.225478173,0.480150069
0.00776,1,1,0.17987963,0.418475043
0.0078,0,1,0.227716925,0.399412993
0.00784,0,1,0.206980769,0.343025176
0.00788,0,1,0.304288405,0.336565846
0.00792,0,1,0.159393629,0.303079483
0.00796,1,1,0.211132861,0.28092802
0.008,1,1,0.172611097,0.216087179
0.00804,1,1,0.187513409,0.189515907
0.00808,1,1,0.32475014,0.145114477
0.00812,0,1,0.278646595,0.137555543
0.00816,0,1,0.244663378,0.123872383
0.0082,0,1,0.169333818,0.0880098052
0.00824,0,1,0.282204082,0.0930785922
0.00828,0,1,0.115483125,0.0726093514
0.00832,1,1,0.1672805,0.0485618484
0.00836,1,1,0.102211912,0.0506221845
0.0084,1,1,0.203945331,0.0434070879
0.00844,1,1,0.126085894,-0.00317383885
0.00848,0,1,0.232009978,0.0254651314
0.00852,0,1,0.223043508,0.0155815579
0.00856,0,1,0.227599524,0.0132735192
0.0086,0,1,0.224023944,0.000760359587
0.00864,1,1,0.240295355,0.0121391277
0.00868,1,1,0.217564047,-0.000546814039
0.00872,1,1,0.245967355,-0.00495430734
0.00876,1,1,0.149063261,-0.00314756768
0.0088,0,1,0.188898693,0.00866378322
0.00884,0,1,0.088036482,-0.0030684191
0.00888,0,1,0.207547378,0.00192356446
0.00892,0,1,0.190383413,-0.0064042451
0.00896,1,1,0.134603128,0.0135933335
0.009,1,1,0.1085297,-0.00897415685
0.00904,1,1,0.194657774,0.00380166121
0.00908,1,1,0.220829311,-0.0034663637
0.00912,1,1,0.233718772,0.00165288483
0.00916,0,1,0.032320881,-0.00325505957
0.0092,0,1,0.0245581045,0.00226957245
0.00924,0,1,0.112106943,-0.00355990812
0.00928,0,1,0.120568185,0.00263569452
0.00932,1,1,0.171699539,-0.00255392409
0.00936,1,1,0.143250947,-0.000768748462
0.0094,1,1,0.0244287193,-0.00683430264
0.00944,1,1,0.183154433,-0.0235651912
0.00948,0,1,0.0484835422,-0.00580519863
0.00952,0,1,0.0660923957,-0.00466943364
0.00956,0,1,0.0802104923,-0.0129076355
0.0096,0,1,0.0481829119,0.0177204464
0.00964,1,1,0.128178734,-0.00184863406
0.00968,1,1,0.0631808015,-0.00517661768
0.00972,1,1,0.0150065523,-0.00732032309
0.00976,1,1,0.091721997,0.0146993532
0.0098,0,1,0.00832258064,-0.00182385134
0.00984,0,1,0.00126144436,0.0125274942
0.00988,0,1,-0.0661662365,-0.00807623475
0.00992,0,1,-0.0383826082,-0.0034900029
0.00996,0,1,0.0256915584,0.0179190333
0.01,1,0,0.054324057,0.0146454047
0.01004,1,0,-0.0346277308,0.00635558268
0.01008,1,0,-0.030388459,-0.00886259804
0.01012,1,0,-0.0140428945,0.00200695251
0.01016,0,0,0.0877658304,-0.0147400065
0.0102,0,0,-0.0336376416,-0.0152543163
0.01024,0,0,-0.0139662703,-0.00364171493
0.01028,0,0,0.135197964,-0.00421057915
0.01032,1,0,0.0589033466,-0.00254242145
0.01036,1,0,0.090804844,0.0123152985
0.0104,1,0,0.11080753,-0.00359078225
0.01044,1,0,-0.0140922202,0.0114454874
0.01048,0,0,-0.0271443623,-0.00845864226
0.01052,0,0,0.013812432,-0.00302299838
0.01056,0,0,0.00971253607,0.00209398119
0.0106,0,0,-0.0327909052,-0.00796060377
0.01064,1,0,-0.0811495452,0.0110851533
0.01068,1,0,-0.118199991,0.0118797036
0.01072,1,0,-0.0314290908,-0.0116813192
0.01076,1,0,-0.022579815,0.0318861111
0.0108,0,0,0.0647203639,-0.01020941
0.01084,0,0,0.0316005671,0.0137495929
0.01088,0,0,0.0275773193,-0.00723811201
0.01092,0,0,-0.0325455006,-0.0118001966
0.01096,1,0,-0.0258490147,-0.0130068196
0.011,1,0,0.0541443727,-0.0132520842
0.01104,1,0,0.0187870995,0.0184474582
0.01108,1,0,-0.0817972319,0.00645114749
0.01112,1,0,-0.00349079423,-0.00371073764
0.01116,0,0,-0.022735092,-0.00570088031
0.0112,0,0,-0.0205098495,-0.00846228399
0.01124,0,0,-0.00137634012,-0.0019045186
0.01128,0,0,-0.0149165337,0.0169429631
0.01132,1,0,-0.0405549455,0.00287954458
0.01136,1,0,0.091197594,-0.0115694332
0.0114,1,0,0.00439091167,0.000576606407
0.01144,1,0,0.00132486525,0.0011697844
0.01148,0,0,-0.0405503077,0.00471274674
0.01152,0,0,0.0378490472,-0.00626711391
0.01156,0,0,0.00522896731,0.00108641539
0.0116,0,0,-0.0290209663,0.0138357912
0.01164,1,0,-0.0527108175,0.00656199103
0.01168,1,0,0.309103516,0.0112358577
0.01172,1,0,-0.114186469,-0.00574316595
0.01176,1,0,-0.107831237,-0.0020754815
0.0118,0,0,0.175755929,0.00923240456
0.01184,0,0,-0.143064394,-0.0171483503
0.01188,0,0,-0.0781511158,0.00354123544
0.01192,0,0,0.0757975081,-0.00419704425
0.01196,1,0,-0.0750677101,-0.018983376
0.012,1,0,-0.0865422842,-0.00519442318
0.01204,1,0,-0.0337900692,-0.00386024684
0.01208,1,0,-0.020663441,0.00931848957
0.01212,0,0,-0.00110976841,0.00970316326
0.01216,0,0,0.124787029,0.00108615199
0.0122,0,0,-0.114384032,-0.00439306761
0.01224,0,0,-0.11160647,0.000711336296
0.01228,1,0,0.0109870009,-0.0231067615
0.01232,1,0,0.0687654932,-0.00615621079
0.01236,1,0,-0.093183566,0.00438910449
0.0124,1,0,0.0720352156,-0.00467811164
0.01244,1,0,0.108827823,-0.0081214064
0.01248,0,0,0.00245130191,-0.0175091935
0.01252,0,0,0.0234135349,0.00217461776
0.01256,0,0,-0.0203304244,0.00407761272
0.0126,0,0,0.0334571084,0.00327184179
0.01264,1,0,0.0175665732,-0.0123170855
0.01268,1,0,-0.0157216844,0.0126506777
0.01272,1,0,0.111526888,0.00217732099
0.01276,1,0,-0.0303519586,-0.00376625332
0.0128,0,0,0.00438795421,0.0113728303
0.01284,0,0,-0.0551352157,0.00653111583
0.01288,0,0,0.0209227546,-0.0252406177
0.01292,0,0,0.000939087461,0.00635285714
0.01296,1,0,-0.0227246405,0.00148313146
0.013,1,0,0.0802866964,-0.000339504012
0.01304,1,0,0.0192132505,-0.0121583099
0.01308,1,0,0.00215604725,0.014420282
0.01312,0,0,-0.031015071,-0.01891669
0.01316,0,0,-0.020506303,-0.00993414706
0.0132,0,0,0.066624626,-0.0127218188
0.01324,0,0,0.0524914476,-0.00911515642
0.01328,1,0,0.0394571454,0.0106964183
0.01332,1,0,-0.0079419351,0.0104915485
0.01336,1,0,0.0231966378,-0.011718067
0.0134,1,0,0.00411788057,0.0078906207
0.01344,0,0,0.0163921369,0.00755706566
0.01348,0,0,0.0572908248,0.0109227602
0.01352,0,0,-0.122673823,-0.0049385859
0.01356,0,0,0.0187202813,0.00350098882
0.0136,0,0,-0.0112765645,0.00900731391
0.01364,1,0,-0.0501850208,0.0044458209
0.01368,1,0,0.0578010167,0.0146531188
0.01372,1,0,0.0304734864,-0.00653976112
0.01376,1,0,-0.0715884327,-0.000400530766
0.0138,0,0,-0.107331937,0.00226424632
0.01384,0,0,0.0911248035,0.0154861368
0.01388,0,0,0.0228256966,-0.00520267478
0.01392,0,0,-0.0184068768,0.00181573036
0.01396,1,0,-0.0276215128,0.00834517076
0.014,1,0,-0.0734962843,-0.000181259287
0.01404,1,0,-0.0780471097,-0.0104020237
0.01408,1,0,-0.0124855374,0.00126906161
0.01412,0,0,0.021104254,0.00554706439
0.01416,0,0,-0.0584640881,0.00225365652
0.0142,0,0,0.00062890398,0.00972904976
0.01424,0,0,0.0304266435,0.00219220743
0.01428,1,0,-0.0179239568,-0.00288263843
0.01432,1,0,0.0482757445,0.0185891259
0.01436,1,0,-0.0311403098,0.00516498415
0.0144,1,0,0.0552943481,0.00287435907
0.01444,0,0,0.00698743535,0.00602035217
0.01448,0,0,0.0504173328,-0.000809855204
0.01452,0,0,-0.0508966978,-0.00186238037
0.01456,0,0,0.0339271605,0.00303121962
0.0146,1,0,0.0337817109,-0.00319939961
0.01464,1,0,0.0331937562,-0.0100785072
0.01468,1,0,0.0295675591,0.00262052367
0.01472,1,0,-0.0798382073,-0.000994808775
0.01476,1,0,0.01028163,-0.0184172831
0.0148,0,0,-0.031392708,0.0136904698
0.01484,0,0,-0.114748632,-0.00540170573
0.01488,0,0,-0.00909443079,-0.00944077645
0.01492,0,0,-0.000922761921,-0.00800654994
0.01496,1,0,-0.00250826408,0.0106026202
0.015,1,0,0.00430357022,0.00503519871
0.01504,1,0,0.0107009009,-0.00623499466
0.01508,1,0,-0.0413764091,-0.0129444147
0.01512,0,0,0.0304108274,-0.00620061555
0.01516,0,0,-0.0293900524,-0.00179084681
0.0152,0,0,-0.021878927,-0.00259741125
0.01524,0,0,0.00923200331,0.0194518399
0.01528,1,0,-0.0612451098,-0.00592805816
0.01532,1,0,0.00735320409,0.00563734208
0.01536,1,0,-0.0130069561,-0.0155414005
0.0154,1,0,-0.0456713783,-0.0126223759
0.01544,0,0,-0.0409406011,0.0032989936
0.01548,0,0,0.00162655878,0.00189721523
0.01552,0,0,-0.0131607836,0.0138077914
0.01556,0,0,0.0315245968,0.0079967323
0.0156,1,0,0.020720536,0.0112195305
0.01564,1,0,-0.0633295394,0.000968111138
0.01568,1,0,0.00492272111,0.00588475761
0.01572,1,0,0.0455735162,-0.00718917977
0.01576,1,0,0.0822465736,0.00306188535
0.0158,0,0,0.0567807186,0.0161214654
0.01584,0,0,0.0370775338,0.00512168169
0.01588,0,0,0.0102921879,0.000444297404
0.01592,0,0,-0.00895442473,-0.0167408
0.01596,1,0,0.0675427593,0.00309709088
0.016,1,0,-0.0902013031,0.0155144395
0.01604,1,0,-0.0132757776,0.00584461782
0.01608,1,0,0.0182045909,0.0406768606
0.01612,0,0,-0.0344449003,0.068720392
0.01616,0,0,-0.106244726,0.108505079
0.0162,0,0,-0.0616220428,0.188903789
0.01624,0,0,0.0312617625,0.311043185
0.01628,1,0,-0.00840950958,0.431213229
0.01632,1,0,-0.0238711363,0.556733312
0.01636,1,0,0.0145115864,0.710678705
0.0164,1,0,0.0275776573,0.868062424
0.01644,0,0,-0.0154617531,0.981599717
0.01648,0,0,-0.0015584714,1.01653678
0.01652,0,0,-0.0676167985,1.01771864
0.01656,0,0,0.00323002877,0.965380348
0.0166,0,0,-0.00486341049,0.853816099
0.01664,1,0,0.083216607,0.72935376
0.01668,1,0,0.0977829681,0.565240709
0.01672,1,0,-0.0595428629,0.479668077
0.01676,1,0,0.0206976291,0.373626621
0.0168,0,0,0.0313108955,0.309349074
0.01684,0,0,0.0339674549,0.280722792
0.01688,0,0,-0.0181139451,0.282766993
0.01692,0,0,0.06147132,0.291687479
0.01696,1,0,0.0697374134,0.290480693
0.017,1,0,0.0426462553,0.319041108
0.01704,1,0,0.0660439985,0.365892734
0.01708,1,0,0.0281547431,0.377355824
0.01712,0,0,0.139101919,0.431678664
0.01716,0,0,0.0255563368,0.454635291
0.0172,0,0,0.122390383,0.493758075
0.01724,0,0,0.151192245,0.518453249
0.01728,1,0,0.12790843,0.544243029
0.01732,1,0,0.150666893,0.571309271
0.01736,1,0,0.130528107,0.582407717
0.0174,1,0,0.165649422,0.585713742
0.01744,1,0,0.137078127,0.613269261
0.01748,0,0,0.129902148,0.592083977
0.01752,0,0,0.133382101,0.580904706
0.01756,0,0,0.107878139,0.587490458
0.0176,0,0,0.2069922,0.54700393
0.01764,1,0,0.133623591,0.521870989
0.01768,1,0,0.169293491,0.508035441
0.01772,1,0,0.167946396,0.469539016
0.01776,1,0,0.196471385,0.443904852
0.0178,0,0,0.239995534,0.404755905
0.01784,0,0,0.223567711,0.371680864
0.01788,0,0,0.235249248,0.335274402
0.01792,0,0,0.271430885,0.293637962
0.01796,1,0,0.205082103,0.239195893
0.018,1,0,0.200363055,0.23051081
0.01804,1,0,0.313377601,0.193708874
0.01808,1,0,0.156262936,0.171618659
0.01812,0,0,0.240363959,0.150475994
0.01816,0,0,0.258264027,0.115672965
0.0182,0,0,0.14420302,0.0931115265
0.01824,0,0,0.231396853,0.0793901326
0.01828,0,0,0.179925595,0.0622980824
0.01832,1,0,0.124512426,0.0353045717
0.01836,1,0,0.141384394,0.0485042117
0.0184,1,0,0.27026154,0.0407410169
0.01844,1,0,0.15327933,0.0195773486
0.01848,0,0,0.208893066,0.0188754298
0.01852,0,0,0.23573199,0.00196110376
0.01856,0,0,0.169706198,0.00571705147
0.0186,0,0,0.250320532,0.00905208368
0.01864,1,0,0.125860654,0.00357849119
0.01868,1,0,0.172786205,0.00609249032
0.01872,1,0,0.103735073,-0.0139003437
0.01876,1,0,0.186089475,0.00692718758
0.0188,0,0,0.186802354,-0.0123230301
0.01884,0,0,0.217719235,0.00977553729
0.01888,0,0,0.11658804,-0.000403018753
0.01892,0,0,0.100988828,0.00829808438
0.01896,1,0,0.156764779,0.0130987311
0.019,1,0,0.194567974,0.0119032168
0.01904,1,0,0.159020248,-0.00757357662
0.01908,1,0,0.116782514,0.00254543984
0.01912,1,0,0.146757159,-0.00497929659
0.01916,0,0,0.0958986197,0.000673556969
0.0192,0,0,0.154017338,0.00396046405
0.01924,0,0,0.203429331,0.000753368716
0.01928,0,0,0.120382588,0.00221178389
0.01932,0,0,0.144506913,0.00296755707
0.01936,0,0,0.0241571636,-0.0135225425
0.0194,0,0,0.117912944,0.0111826183
0.01944,0,0,0.129147566,0.00814080499
0.01948,0,0,0.121509083,0.0078400457
0.01952,0,0,0.0761352016,0.0187488902
0.01956,0,0,0.0179028894,0.0056567949
0.0196,0,0,0.0315312092,-0.023416932
0.01964,0,0,0.0712521748,-0.00781652633
0.01968,0,0,0.0566828372,0.00245905217
0.01972,0,0,0.00693569506,0.0134305602
0.01976,0,0,0.0244399925,-0.0202458076
0.0198,0,0,0.00106819169,0.00600839507
0.01984,0,0,0.0454362144,0.000316340319
0.01988,0,0,-0.019407938,-0.0129920974
0.01992,0,0,-0.0878930741,-0.00329619579
0.01996,0,0,0.0283794782,0.0049322767
0.02,1,0,-0.0369820327,-0.0107079742
0.02004,1,0,0.019294021,-0.00353048535
0.02008,1,0,-0.0510847196,-0.00766622624
0.02012,1,0,0.0495283702,0.0141509887
0.02016,0,0,0.030230769,0.0084708317
0.0202,0,0,0.0413118566,-0.0069662555
0.02024,0,0,0.140111767,0.00467480469
0.02028,0,0,0.0248855368,-0.0142177466
0.02032,1,0,-0.0131743601,-0.0051843448
0.02036,1,0,-0.032144043,0.00218387091
0.0204,1,0,-0.0417212571,0.00663010197
0.02044,1,0,-0.000804794846,0.000750281702
0.02048,0,0,0.023150623,-0.0100175716
0.02052,0,0,-0.0617611881,-0.00889385649
0.02056,0,0,0.0752107347,-0.0130282961
0.0206,0,0,-0.0365565318,-0.00410578379
0.02064,1,0,-0.110241987,0.00241763537
0.02068,1,0,-0.0314789843,-0.00227654663
0.02072,1,0,0.0688830963,0.00804791931
0.02076,1,0,-0.0131315551,-0.00725393737
0.0208,0,0,0.0523749861,0.0146468345
0.02084,0,0,0.0333711924,-0.00340936366
0.02088,0,0,-0.0103132231,0.00272092412
0.02092,0,0,0.00175721386,0.0120638305
0.02096,1,0,-0.0281580781,-0.000101769751
0.021,1,0,0.0527598485,0.00794724513
0.02104,1,0,-0.0189806873,-0.00910684529
0.02108,1,0,0.0404023906,-0.0211911672
0.02112,1,0,-0.0504899017,0.00438018835
0.02116,0,0,-0.0803945967,-0.00978902235
0.0212,0,0,0.00231979851,-0.00618840467
0.02124,0,0,-0.038200112,0.00407946882
0.02128,0,0,-0.0579651271,0.000414809472
0.02132,1,0,-0.0710710532,-0.0104418538
0.02136,1,0,-0.0342621336,-0.00494312258
0.0214,1,0,0.0495158714,0.0105842501
0.02144,1,0,-0.107735523,0.00734815266
0.02148,0,0,-0.0511762373,-0.00613293059
0.02152,0,0,-0.10164198,0.0157482586
0.02156,0,0,0.00486813418,0.000838621192
0.0216,0,0,0.0335687336,0.0226465194
0.02164,1,0,-0.0852006597,0.00370246234
0.02168,1,0,0.273858543,0.00213401012
0.02172,1,0,-0.216041589,0.00727978697
0.02176,1,0,0.00247987705,-0.0193326821
0.0218,0,0,0.195097764,0.0015706745
0.02184,0,0,-0.0865155173,-0.00334252699
0.02188,0,0,-0.116348742,0.0115164325
0.02192,0,0,0.048260043,-0.00518412566
0.02196,1,0,-0.0175441753,0.0177583152
0.022,1,0,-0.102504742,0.0120698341
0.02204,1,0,0.135873125,-0.00468786221
0.02208,1,0,0.0881217313,-0.00383694037
0.02212,0,0,-0.0304732053,-0.00575535138
0.02216,0,0,0.0882311734,0.013818257
0.0222,0,0,-0.0821863007,-0.0183028703
0.02224,0,0,-0.00568120064,-0.00156871082
0.02228,0,0,0.0132318517,0.00634193336
0.02232,1,0,0.0865967889,0.0026509741
0.02236,1,0,-0.112865169,0.0116271989
0.0224,1,0,-0.0565407125,0.00333307276
0.02244,1,0,0.0252479983,-0.00298839775
0.02248,0,0,-0.0119933797,0.00938732748
0.02252,0,0,0.0151113322,-0.00281891621
0.02256,0,0,0.0605166278,-0.0149414255
0.0226,0,0,-0.0736133361,-0.00112961544
0.02264,1,0,0.0513504087,0.00687625473
0.02268,1,0,0.0021187644,0.00804164311
0.02272,1,0,0.0307196529,-0.0301406953
0.02276,1,0,-0.0389137253,-0.0250320995
0.0228,0,0,0.0305774671,-0.00670532002
0.02284,0,0,-0.0413131594,-0.0126344206
0.02288,0,0,-0.0204827709,-0.0051514157
0.02292,0,0,0.0295605744,-0.0125064502
0.02296,1,0,0.0387290576,-0.00906543343
0.023,1,0,-0.0389154701,0.00927538728
0.02304,1,0,-0.0691304387,0.00323842718
0.02308,1,0,0.000188823153,0.00735360746
0.02312,0,0,0.0306846302,-0.00759443427
0.02316,0,0,-0.00353065808,0.00315842373
0.0232,0,0,-0.0357793715,-0.0134136204
0.02324,0,0,-0.0346043596,0.00601491282
0.02328,1,0,0.0195748872,-0.0135895359
0.02332,1,0,0.00306477355,-0.00845288041
0.02336,1,0,0.0698176844,-0.00673179977
0.0234,1,0,0.113894721,-0.0156395518
0.02344,0,0,-0.0236345371,-0.00568723959
0.02348,0,0,-0.0605048244,0.00306722453
0.02352,0,0,0.0112732996,0.0164232133
0.02356,0,0,-0.0614189472,-0.00894951251
0.0236,0,0,-0.0201768245,0.0165723022
0.02364,1,0,-0.067867572,0.0113415728
0.02368,1,0,0.100325224,0.00764739793
0.02372,1,0,0.00229226463,-0.0031838065
0.02376,1,0,-0.0204469253,-0.0187066537
0.0238,0,0,0.0350026122,0.00622322048
0.02384,0,0,0.05257054,0.000307907835
0.02388,0,0,-0.00209813607,-0.00722185019
0.02392,0,0,0.0774054222,0.015538234
0.02396,1,0,-0.000440657853,-0.00897493701
0.024,1,0,-0.0566820165,-0.00875480145
0.02404,1,0,0.0864207796,0.0110388534
0.02408,1,0,0.0403170174,0.00617976687
0.02412,0,0,0.0898615423,-0.0112126895
0.02416,0,0,-0.0269478129,-0.000916895071
0.0242,0,0,-0.0881892435,0.014593113
0.02424,0,0,0.0321266776,0.0138448277
0.02428,1,0,-0.0368866705,0.000626755326
0.02432,1,0,-0.0294341052,-0.00324043492
0.02436,1,0,0.019562617,0.00240463195
0.0244,1,0,-0.0874961724,-0.00414322705
0.02444,0,0,-0.0246472732,0.0010697407
0.02448,0,0,-0.0427453883,-0.00165105535
0.02452,0,0,-0.0115654517,0.00605063358
0.02456,0,0,0.0281408336,-0.0160423997
0.0246,1,0,0.0667681832,0.00356171057
0.02464,1,0,0.0193823222,-0.0195835279
0.02468,1,0,0.0216547349,9.7626934e-05
0.02472,1,0,-0.0369913503,0.000158920652
0.02476,1,0,-0.0184460104,-0.000528965662
0.0248,0,0,-0.00607580135,0.0063230827
0.02484,0,0,-0.0326645695,-0.00532419256
0.02488,0,0,-3.51465334e-05,0.00168932735
0.02492,0,0,0.00188733612,-0.0153566877
0.02496,1,0,-0.044270474,0.00329496611
0.025,1,0,-0.0935846988,0.00962276155
0.02504,1,0,0.0606938754,0.00340430321
0.02508,1,0,0.0384421596,-0.0148367541
0.02512,0,0,0.0358029466,-0.00727157447
0.02516,0,0,0.0744903025,-0.00508267607
0.0252,0,0,0.0189254168,0.00190450362
0.02524,0,0,-0.0235460507,-0.000401966808
0.02528,1,0,-0.0305593999,0.0158720415
0.02532,1,0,0.0807224558,0.00295573504
0.02536,1,0,-0.0642161474,-0.00422019944
0.0254,1,0,-0.0291464553,0.0028867337
0.02544,0,0,0.066593558,-0.0231639234
0.02548,0,0,0.014538281,-0.00966258013
0.02552,0,0,-0.0252047609,0.0130805133
0.02556,0,0,-0.00165049066,0.012012822
0.0256,1,0,0.00751437755,0.00340953447
0.02564,1,0,0.0401218417,0.0190459006
0.02568,1,0,-0.00126195585,-0.00156187307
0.02572,1,0,-0.0222732659,-0.00599930822
0.02576,1,0,-0.0324839482,-0.0091738816
0.0258,0,0,-0.0526113917,-0.00504736116
0.02584,0,0,-0.0276963328,0.00851215306
0.02588,0,0,-0.0384050629,0.0310685844
0.02592,0,0,0.0762935961,-0.00467579445
0.02596,1,0,-0.0447952701,6.6985313e-05
0.026,1,0,0.127345008,0.00332556825
0.02604,1,0,-0.06120925,0.00435110074
0.02608,1,0,-0.0199993703,0.0128905741
0.02612,0,0,-0.0114555154,0.0676452757
0.02616,0,0,0.0759011343,0.118781667
0.0262,0,0,-0.00761055495,0.189458159
0.02624,0,0,-0.0511909988,0.299447469
0.02628,1,0,-0.0130326346,0.432074657
0.02632,1,0,-0.00838302485,0.556910432
0.02636,1,0,-0.0651072791,0.727277944
0.0264,1,0,-0.073988716,0.867554901
0.02644,0,0,-0.0382711557,0.974567944
0.02648,0,0,0.0374926389,1.01183875
0.02652,0,0,0.0503676557,1.03133743
0.02656,0,0,0.0544451257,0.97764387
0.0266,0,0,0.0354372789,0.848125439
0.02664,1,0,-0.00308275003,0.729821377
0.02668,1,0,-0.069396979,0.592412027
0.02672,1,0,0.00150633478,0.447939685
0.02676,1,0,0.0570532801,0.372880979
0.0268,0,0,0.103677677,0.30140037
0.02684,0,0,0.120063596,0.260627756
0.02688,0,0,0.0644700171,0.283314043
0.02692,0,0,0.0510101832,0.26622671
0.02696,1,0,0.0634977903,0.318910977
0.027,1,0,0.0393341987,0.317260525
0.02704,1,0,0.0546132304,0.355677465
0.02708,1,0,0.0356974082,0.401392862
0.02712,0,0,0.0215490398,0.431631613
0.02716,0,0,-0.00353077834,0.454582297
0.0272,0,0,0.116573893,0.489834633
0.02724,0,0,0.128924382,0.506846962
0.02728,1,0,0.19185155,0.566628072
0.02732,1,0,0.0476290226,0.581909347
0.02736,1,0,0.133958812,0.589305112
0.0274,1,0,0.153812384,0.587241686
0.02744,1,0,0.114900059,0.586709046
0.02748,0,0,0.191651444,0.592249965
0.02752,0,0,0.168838416,0.580229347
0.02756,0,0,0.0982349668,0.566930305
0.0276,0,0,0.211348771,0.541193378
0.02764,1,0,0.209912476,0.534216198
0.02768,1,0,0.111556376,0.50118166
0.02772,1,0,0.226956663,0.473106184
0.02776,1,0,0.121252556,0.431421025
0.0278,0,0,0.146025592,0.392879099
0.02784,0,0,0.197980436,0.337194956
0.02788,0,0,0.249904975,0.34793615
0.02792,0,0,0.244500912,0.301654725
0.02796,1,0,0.213945552,0.253568407
0.028,1,0,0.198689568,0.232687768
0.02804,1,0,0.0845002834,0.174457201
0.02808,1,0,0.171676354,0.185663942
0.02812,0,0,0.233011479,0.143739978
0.02816,0,0,0.286186462,0.119304733
0.0282,0,0,0.242112943,0.0803839103
0.02824,0,0,0.244531617,0.0839878397
0.02828,0,0,0.183893086,0.0829587959
0.02832,1,0,0.194064524,0.0597279334
0.02836,1,0,0.215460586,0.0389263083
0.0284,1,0,0.191894162,0.012892758
0.02844,1,0,0.268637324,0.0292051342
0.02848,0,0,0.153831232,0.0171961694
0.02852,0,0,0.161630287,0.00824995566
0.02856,0,0,0.253989404,0.0116545911
0.0286,0,0,0.19059589,-0.00152832649
0.02864,1,0,0.207950313,0.0118857582
0.02868,1,0,0.24399051,0.0293887016
0.02872,1,0,0.122334502,0.00072884524
0.02876,1,0,0.192026277,0.0128780914
0.0288,0,0,0.202660629,0.00260157875
0.02884,0,0,0.173280657,0.0043638936
0.02888,0,0,0.0903238419,0.00366872646
0.02892,0,0,0.130973378,0.00340451409
0.02896,1,0,0.236511729,0.0131095897
0.029,1,0,0.17431609,0.0204390705
0.02904,1,0,0.131734793,-0.0103420509
0.02908,1,0,0.190918051,-0.000868145517
0.02912,1,0,0.164303895,-0.00327433423
0.02916,0,0,0.130742477,-0.00601615472
0.0292,0,0,0.128147788,0.010379184
0.02924,0,0,0.0644420697,0.00181338737
0.02928,0,0,0.073766024,-0.00520745551
0.02932,1,0,0.0735928397,0.000783462485
0.02936,1,0,0.0589812249,0.00586527783
0.0294,1,0,0.072711994,-0.0126177552
0.02944,1,0,0.171501313,-0.00655429086
0.02948,0,0,0.043503469,0.000252338538
0.02952,0,0,0.0347651942,0.0055014676
0.02956,0,0,0.0453120435,0.000903053699
0.0296,0,0,0.0557864324,0.00672859733
0.02964,1,0,0.0805698943,-0.00782246261
0.02968,1,0,0.0646159676,0.00177089027
0.02972,1,0,0.0288792918,0.00162689017
0.02976,1,0,-0.00188930411,0.00739082701
0.0298,0,0,0.0258046887,0.00448583359
0.02984,0,0,0.0156440516,0.000339308828
0.02988,0,0,0.0602584506,-0.0101322268
0.02992,0,0,-0.00793577239,0.0064773986
0.02996,0,0,0.0110088707,0.0105150382
0.03,1,0,-0.0156123226,-0.00117463344
0.03004,1,0,0.0438559513,0.00653669062
0.03008,1,0,0.0160076752,0.00163812473
0.03012,1,0,0.0325010093,0.00187163174
0.03016,0,0,0.00327116916,-0.00438916184
0.0302,0,0,0.0466026641,-0.000409105114
0.03024,0,0,-0.000707759597,-0.0132726787
0.03028,0,0,0.00112695918,0.00574071208
0.03032,1,0,0.0598441937,-0.00831371733
0.03036,1,0,-0.0104255493,0.00671617409
0.0304,1,0,0.00672336093,0.00826024197
0.03044,1,0,0.0732392301,0.0156037055
0.03048,0,0,0.0237166383,-0.00633807941
0.03052,0,0,-0.0196151805,-0.0050347597
0.03056,0,0,0.0492847888,0.00758999387
0.0306,0,0,0.0556279762,-0.00729024255
0.03064,1,0,0.012883089,0.0135852982
0.03068,1,0,0.00879521735,0.0191176324
0.03072,1,0,-0.0762891433,-0.00540496555
0.03076,1,0,0.0230333554,0.00339406351
0.0308,0,0,0.0722054879,0.00392577507
0.03084,0,0,-0.064667132,-0.0166274316
0.03088,0,0,-0.0599257744,-0.00346182951
0.03092,0,0,-0.0131467744,-0.0105501382
0.03096,1,0,0.0189069625,-0.00284769514
0.031,1,0,0.0570466538,-0.00436196749
0.03104,1,0,0.0377068306,-0.0033924729
0.03108,1,0,-0.111601971,0.00378739077
0.03112,1,0,0.0493467696,-0.00319030047
0.03116,0,0,0.0470983412,-0.00342498078
0.0312,0,0,-0.125923841,-0.00727986068
0.03124,0,0,0.00130012868,0.0126108791
0.03128,0,0,-0.0111897534,-0.0217065245
0.03132,1,0,-0.101407841,0.0128212091
0.03136,1,0,-0.0494088207,0.0107386482
0.0314,1,0,-0.0037854254,0.00514912039
0.03144,1,0,-0.0788724223,0.0155868903
0.03148,0,0,0.0611603734,0.001095376
0.03152,0,0,0.0554854577,0.00501250845
0.03156,0,0,0.00547225226,-0.00596251083
0.0316,0,0,-0.0346341657,-0.00156213789
0.03164,1,0,0.0244743203,0.00633499271
0.03168,1,0,0.321937379,-0.0149821539
0.03172,1,0,-0.171358335,-0.00272549894
0.03176,1,0,-0.0561039902,-0.00624139164
0.0318,0,0,0.150779512,0.000851553852
0.03184,0,0,-0.140256809,-0.00728705073
0.03188,0,0,-0.0697469611,0.00698967024
0.03192,0,0,0.135976016,0.0136231761
0.03196,1,0,-0.0283999327,0.00287616745
0.032,1,0,-0.0475281752,0.000648683943
0.03204,1,0,0.118605952,0.000954892101
0.03208,1,0,-0.149665896,-0.00911686907
0.03212,0,0,-0.0832922085,-0.00554981698
0.03216,0,0,0.0740517863,-0.00413337031
0.0322,0,0,0.0223058341,0.00173685662
0.03224,0,0,-0.0857123181,0.00294925173
0.03228,0,0,0.0667164633,-0.00501962664
0.03232,1,0,0.0523358417,0.00779594172
0.03236,1,0,-0.0695243021,-0.0082623946
0.0324,1,0,-0.0104474957,-0.0170620342
0.03244,1,0,0.144670793,0.00535874886
0.03248,0,0,-0.0588945195,-0.00457549764
0.03252,0,0,-0.0702861574,0.0152475315
0.03256,0,0,-0.0255851764,0.00446433207
0.0326,0,0,0.00863900419,0.000732501761
0.03264,1,0,-0.0283642665,0.00502342238
0.03268,1,0,0.0111406118,0.00524997857
0.03272,1,0,0.020550578,0.00298155743
0.03276,1,0,0.100079485,0.00163036316
0.0328,0,0,-0.0376943144,0.00779547384
0.03284,0,0,0.0599639147,-0.00455486156
0.03288,0,0,-0.0740552644,0.00867999186
0.03292,0,0,0.0354909885,-0.0150947383
0.03296,1,0,-0.0016325551,-0.0142878525
0.033,1,0,-0.0800795495,-0.0101013249
0.03304,1,0,0.0526591768,0.0158432119
0.03308,1,0,-0.074830295,0.0141817419
0.03312,0,0,-0.028982327,-0.00744333654
0.03316,0,0,0.090492848,0.0118033191
0.0332,0,0,-0.000208408071,-0.0105892984
0.03324,0,0,-0.0419300067,0.0217552133
0.03328,1,0,-0.0409980454,0.0113330857
0.03332,1,0,0.019648806,-0.00621900171
0.03336,1,0,-0.0601061763,-0.00955947469
0.0334,1,0,0.0492522728,0.000627019704
0.03344,0,0,0.0687113822,0.00778332614
0.03348,0,0,0.0554541673,-0.0196584104
0.03352,0,0,-0.0287119503,-0.0117193318
0.03356,0,0,0.00446068284,-0.00461463953
0.0336,0,0,0.0138241842,-0.00403701691
0.03364,1,0,0.0413899464,-0.0104687973
0.03368,1,0,-0.020320238,-0.000447430822
0.03372,1,0,-0.0677681969,-0.00423202502
0.03376,1,0,-0.0806735202,0.00184982724
0.0338,0,0,0.0580651029,0.0137408306
0.03384,0,0,0.0194721765,0.00443140171
0.03388,0,0,-0.0101501197,-0.0165942602
0.03392,0,0,0.069833286,-0.016344557
0.03396,1,0,-0.0556600797,0.00175701464
0.034,1,0,-0.0409079952,-0.00118150977
0.03404,1,0,0.0576306911,0.00856475019
0.03408,1,0,-0.0227030325,0.0132917882
0.03412,0,0,0.130601728,-0.00680649226
0.03416,0,0,-0.078458153,-0.00645857594
0.0342,0,0,-0.013284395,-0.000122022704
0.03424,0,0,-0.0621266503,0.0157072409
0.03428,1,0,0.0366389773,0.010176089
0.03432,1,0,0.0448217393,0.00575783305
0.03436,1,0,0.0447657235,-0.0066354331
0.0344,1,0,0.0304340602,-0.00415753757
0.03444,0,0,0.0487938137,-6.23415389e-05
0.03448,0,0,-0.0701701951,-0.00189571031
0.03452,0,0,0.0589725897,0.0190173846
0.03456,0,0,0.0397844559,-0.00988659542
0.0346,1,0,-0.00931318132,0.00804328812
0.03464,1,0,0.0154663161,-0.00727305256
0.03468,1,0,-0.00761583676,-0.00545693654
0.03472,1,0,-0.00202148484,-0.00725243456
0.03476,1,0,-0.0334937499,0.0124642118
0.0348,0,0,0.057893646,-0.00645066583
0.03484,0,0,0.00760411857,0.00547143352
0.03488,0,0,-0.030263333,0.00601052113
0.03492,0,0,-0.0294449192,0.00343930502
0.03496,1,0,-0.0136667953,0.00135566099
0.035,1,0,0.0498899856,-0.00172257741
0.03504,1,0,0.116832343,0.00257361127
0.03508,1,0,-0.032146552,0.00904189893
0.03512,0,0,0.015953916,0.00299602898
0.03516,0,0,0.0639680303,0.000874325093
0.0352,0,0,0.0201100349,0.00289020737
0.03524,0,0,-0.0131182385,0.002039962
0.03528,1,0,0.0408023522,0.0140459202
0.03532,1,0,0.000724863153,0.00288002848
0.03536,1,0,-0.0577222316,0.0100951948
0.0354,1,0,0.0173035032,0.0019122924
0.03544,0,0,0.0322943382,0.0157122254
0.03548,0,0,-0.0407911953,-0.014844872
0.03552,0,0,0.0243003278,-0.0151770325
0.03556,0,0,-0.0850996781,0.00938353349
0.0356,1,0,0.0169508271,-0.00194244387
0.03564,1,0,-0.0251445358,0.00324346291
0.03568,1,0,0.0630024372,-0.00643347034
0.03572,1,0,0.0397829579,0.0141398586
0.03576,1,0,0.0816593667,0.00665397439
0.0358,0,0,-0.0501572408,0.00695341748
0.03584,0,0,-0.0270461627,0.01011952
0.03588,0,0,-0.030984426,0.0130752366
0.03592,0,0,0.0545807909,-0.00780827119
0.03596,1,0,-0.0653460507,0.00220178904
0.036,1,0,-0.0427453603,-0.0144861577
0.03604,1,0,0.0685991734,0.0245642463
0.03608,1,0,0.0591238959,0.0442609086
0.03612,0,0,-0.0439557343,0.0567754436
0.03616,0,0,-0.00472468721,0.109551533
0.0362,0,0,-0.0504197495,0.192414391
0.03624,0,0,0.0239922224,0.303840942
0.03628,1,0,-0.0502495378,0.408030043
0.03632,1,0,0.07916259,0.554225217
0.03636,1,0,-0.0591581491,0.72764482
0.0364,1,0,0.138505708,0.88311799
0.03644,0,0,0.0281274493,0.971688839
0.03648,0,0,-0.0152842667,1.01516202
0.03652,0,0,0.00868853095,1.01117242
0.03656,0,0,0.0534745193,0.967290527
0.0366,0,0,-0.11912353,0.851114203
0.03664,1,0,-0.00703803799,0.707089063
0.03668,1,0,0.0482444802,0.594165646
0.03672,1,0,0.0649350269,0.459610941
0.03676,1,0,-0.0163434606,0.376699524
0.0368,0,0,-0.00865739516,0.321301236
0.03684,0,0,0.125691698,0.273446053
0.03688,0,0,0.0874084515,0.261109415
0.03692,0,0,0.0677834891,0.264071792
0.03696,1,0,0.00685213659,0.283112751
0.037,1,0,0.0294273334,0.310368319
0.03704,1,0,0.0296331889,0.362107723
0.03708,1,0,0.0872886348,0.385729236
0.03712,0,0,0.146322276,0.42080605
0.03716,0,0,0.0602816087,0.453827733
0.0372,0,0,-1.04377259,0.471571964
0.03724,0,0,0.493138711,0.634726807
0.03728,1,0,0.669220856,0.542777247
0.03732,1,0,0.417080295,0.476324348
0.03736,1,0,-1.08857705,0.612355245
0.0374,1,0,0.715052686,0.697615498
0.03744,1,0,0.920532798,0.564232638
0.03748,0,0,-0.378768927,0.519716009
0.03752,0,0,-0.35897911,0.64896015
0.03756,0,0,0.215738806,0.670035728
0.0376,0,0,0.918272304,0.499290977
0.03764,1,0,-0.482160673,0.446789033
0.03768,1,0,-0.262657346,0.582955676
0.03772,1,0,0.688082998,0.544197452
0.03776,1,0,0.318805215,0.374668088
0.0378,0,0,0.0548623267,0.347428378
0.03784,0,0,-0.316890029,0.448199948
0.03788,0,0,0.794269861,0.372201472
0.03792,0,0,0.366084708,0.200288577
0.03796,1,0,-0.22732401,0.229733948
0.038,1,0,0.238872194,0.332842183
0.03804,1,0,0.405345965,0.216897949
0.03808,1,0,0.434372469,0.0656477478
0.03812,0,0,-0.307488542,0.152627964
0.03816,0,0,0.248604063,0.205560577
0.0382,0,0,0.604405426,0.0986518477
0.03824,0,0,0.13104491,-0.0281373312
0.03828,0,0,0.00611044725,0.0850612971
0.03832,1,0,0.157555556,0.139361535
0.03836,1,0,0.604865148,0.0299326563
0.0384,1,0,0.0857649291,-0.0744954864
0.03844,1,0,-0.0862864218,0.0560467157
0.03848,0,0,0.363137883,0.130817582
0.03852,0,0,0.205933961,-0.0278884268
0.03856,0,0,0.300142917,-0.0733419636
0.0386,0,0,0.0502992645,0.0671855114
0.03864,1,0,0.337340408,0.0888368009
0.03868,1,0,0.228492968,-0.0615944036
0.03872,1,0,0.042249293,-0.068034357
0.03876,1,0,0.199217752,0.0920127748
0.0388,0,0,0.129720229,0.0736693867
0.03884,0,0,0.419638714,-0.0914289634
0.03888,0,0,0.00063410781,-0.0596409687
0.03892,0,0,0.144479608,0.108663965
0.03896,1,0,0.304082999,0.0370906677
0.039,1,0,0.168937106,-0.101588394
0.03904,1,0,0.0489170839,-0.0239598834
0.03908,1,0,0.00735337373,0.0887353091
0.03912,1,0,0.242844689,0.0257217072
0.03916,0,0,0.173176288,-0.0876436782
0.0392,0,0,0.0369211715,0.00517412057
0.03924,0,0,0.168328529,0.0880883429
0.03928,0,0,0.234925807,-0.0232593495
0.03932,0,0,0.145611699,-0.0962291507
0.03936,0,0,-0.0486541505,0.0154021704
0.0394,0,0,0.178340761,0.12329299
0.03944,0,0,0.133374438,-0.0409598185
0.03948,0,0,0.0954057113,-0.117202337
0.03952,0,0,0.0243993349,0.054244449
0.03956,0,0,0.0174517909,0.0618855705
0.0396,0,0,0.0712988285,-0.0688368485
0.03964,0,0,0.0429358373,-0.0766150592
0.03968,0,0,0.0558936074,0.060576198
0.03972,0,0,0.146758228,0.085217195
0.03976,0,0,0.0277583689,-0.0821645847
0.0398,0,0,0.0244974615,-0.0635306527
0.03984,0,0,-0.103020236,0.0903262273
0.03988,0,0,0.0486736796,0.0571513956
0.03992,0,0,0.0152813364,-0.0840613992
0.03996,0,0,-0.0764487181,-0.0693725477
0.04,1,1,0.0379735374,0.081190036
0.04004,1,1,0.0736065863,0.0303944061
0.04008,1,1,0.0776114056,-0.0977842442
0.04012,1,1,8.62026243e-05,-5.33401719e-06
0.04016,0,1,-0.0328429893,0.0938392994
0.0402,0,1,-0.0202815246,-0.00535334695
0.04024,0,1,0.0883633301,-0.1269006
0.04028,0,1,-0.0208124323,0.0208833381
0.04032,1,1,-0.0486952846,0.107211002
0.04036,1,1,0.0683940071,-0.0254424006
0.0404,1,1,0.0333453834,-0.0999107744
0.04044,1,1,0.0450223328,0.0279656763
0.04048,0,1,-0.0622940247,0.0998878385
0.04052,0,1,0.0598429928,-0.027367411
0.04056,0,1,0.0511136344,-0.0847446206
0.0406,0,1,0.0685199218,0.0743844597
0.04064,1,1,0.0487886363,0.0756054208
0.04068,1,1,0.081150292,-0.0653405742
0.04072,1,1,0.0871844953,-0.0767164045
0.04076,1,1,-0.020935781,0.0892745229
0.0408,0,1,0.00949479631,0.0602910985
0.04084,0,1,0.00146222704,-0.075579475
0.04088,0,1,-0.0177144351,-0.059947057
0.04092,0,1,0.0362291314,0.0919994845
0.04096,1,1,-0.0403023393,0.0267630293
0.041,1,1,0.0765814179,-0.0845693277
0.04104,1,1,-0.00561603747,-0.0334296706
0.04108,1,1,0.0411664603,0.110028109
0.04112,1,1,0.0148380775,-0.00870136751
0.04116,0,1,0.0115296691,-0.103583708
0.0412,0,1,-0.011466433,-0.00389046195
0.04124,0,1,0.0304771749,0.097607105
0.04128,0,1,0.0524505816,-0.0187386215
0.04132,1,1,0.0263874574,-0.0926703643
0.04136,1,1,0.0375107858,0.0120752746
0.0414,1,1,0.0627602677,0.1057296
0.04144,1,1,-0.0646657167,-0.0394836331
0.04148,0,1,-0.0241177739,-0.0887384863
0.04152,0,1,0.0348765795,0.0400979471
0.04156,0,1,-0.055089266,0.0614773787
0.0416,0,1,-0.0264016312,-0.0778344182
0.04164,1,1,-0.0535995962,-0.00797243083
0.04168,1,1,0.285306445,-0.0174126319
0.04172,1,1,-0.236502099,-0.00508689806
0.04176,1,1,-0.0483500885,-0.00933105179
0.0418,0,1,0.135210052,0.0026208518
0.04184,0,1,-0.130447163,-0.00750787234
0.04188,0,1,-0.0883461905,-0.00236621494
0.04192,0,1,0.240061274,0.00962117062
0.04196,1,1,0.027769508,-0.0206302964
0.042,1,1,0.0298656512,0.00225945818
0.04204,1,1,0.0216523297,0.00118165907
0.04208,1,1,0.023073897,0.00288216802
0.04212,0,1,-0.0655704893,0.0103202022
0.04216,0,1,0.0470034622,-0.0185292223
0.0422,0,1,0.0481426009,0.000448889401
0.04224,0,1,-0.0630113737,0.00853381859
0.04228,0,1,-0.0527269735,0.0151242263
0.04232,1,1,0.0260276086,0.00814136973
0.04236,1,1,-0.0669290709,0.000153244323
0.0424,1,1,0.123667909,0.00538637202
0.04244,1,1,0.0606229069,0.00203851045
0.04248,0,1,-0.0157821909,-0.0225093953
0.04252,0,1,0.0515239676,-0.00756471887
0.04256,0,1,0.100371747,0.00281686334
0.0426,0,1,-0.080577589,0.0192863904
0.04264,1,1,-0.0255029492,-0.00882383968
0.04268,1,1,0.0292557225,0.000590400475
0.04272,1,1,0.0526701134,0.0137609231
0.04276,1,1,0.0183093496,0.0152472014
0.0428,0,1,0.0856190422,0.00136977365
0.04284,0,1,-0.00925181568,-0.00916954417
0.04288,0,1,-0.0419119573,0.0164533363
0.04292,0,1,-0.00505167508,-0.00116902018
0.04296,1,1,-0.00582113809,-0.00217788099
0.043,1,1,0.0530279177,0.0160292009
0.04304,1,1,0.0934783064,-0.0146641258
0.04308,1,1,0.0560412942,0.0204811656
0.04312,0,1,-0.0220681092,-0.00990171862
0.04316,0,1,-0.0243005792,-0.0177299766
0.0432,0,1,0.00431295997,0.00885831558
0.04324,0,1,-0.0889454015,-0.0027539251
0.04328,1,1,-0.0736862361,-0.00571631591
0.04332,1,1,0.0291168398,0.000361825649
0.04336,1,1,0.0195268874,-0.00760550047
0.0434,1,1,-0.0428766143,0.00471728481
0.04344,0,1,-0.0969342865,-0.0105963184
0.04348,0,1,-0.0135957458,-0.00383476977
0.04352,0,1,0.0773183873,-0.00198837503
0.04356,0,1,0.0219328636,0.0014852643
0.0436,0,1,0.035189853,0.00423999499
0.04364,1,1,0.0400183042,-0.00653966027
0.04368,1,1,0.00134327822,-0.00666856418
0.04372,1,1,0.049359515,-0.0119027266
0.04376,1,1,0.132009451,0.00875080109
0.0438,0,1,0.0375363299,-0.00650791345
0.04384,0,1,0.0323560968,0.00932211248
0.04388,0,1,-0.0333403616,0.00378184101
0.04392,0,1,0.0487724774,-0.00204936637
0.04396,1,1,0.0410153574,0.0135153249
0.044,1,1,-0.00394683499,-0.00330408164
0.04404,1,1,-0.0628531985,-0.0183042281
0.04408,1,1,-0.0341070565,0.019796663
0.04412,0,1,0.0447897342,-0.00148588406
0.04416,0,1,0.0314695912,-0.00406691485
0.0442,0,1,-0.0158249369,0.00835231575
0.04424,0,1,0.00831155722,0.00233201222
0.04428,1,1,0.0185617656,-0.0127433075
0.04432,1,1,-0.0230713076,-0.00480562201
0.04436,1,1,-0.0895856259,-0.0171859462
0.0444,1,1,0.0485571021,-0.0100126989
0.04444,0,1,0.0440388956,-0.00587725129
0.04448,0,1,0.0371237031,-0.00145145531
0.04452,0,1,-0.0128018341,0.000515462356
0.04456,0,1,-0.0526303115,0.0134969538
0.0446,1,1,-0.0289021022,0.0178777996
0.04464,1,1,-0.0524500575,0.00434371986
0.04468,1,1,0.0237517429,0.00265956595
0.04472,1,1,-0.0769462957,0.00624546933
0.04476,1,1,-0.0067293432,0.00928164411
0.0448,0,1,-0.0494897925,-0.01282791
0.04484,0,1,0.0906762336,0.0175896866
0.04488,0,1,-0.0585638391,0.000772886817
0.04492,0,1,-0.0225856533,-0.00185425107
0.04496,1,1,0.00346593727,0.000274261341
0.045,1,1,0.00522767406,0.0106345609
0.04504,1,1,0.00263866883,0.000855064703
0.04508,1,1,0.0783772031,0.00430744225
0.04512,0,1,0.0472707224,0.0199254901
0.04516,0,1,-0.00746600245,-0.00057772071
0.0452,0,1,-0.0758410683,0.000167565219
0.04524,0,1,0.0331846031,0.00489716406
0.04528,1,1,-0.0426781708,-0.0123064092
0.04532,1,1,-0.0460747605,0.0145058174
0.04536,1,1,-0.0580824223,0.00671553882
0.0454,1,1,-0.0300047844,-0.0230208453
0.04544,0,1,-0.0158929863,-0.00908222593
0.04548,0,1,0.0259621131,-0.0178435332
0.04552,0,1,-0.0204108485,-0.00600893933
0.04556,0,1,-0.0275249814,-0.000631852221
0.0456,1,1,-0.0356584914,-0.00371301485
0.04564,1,1,0.0451951576,-0.0109829328
0.04568,1,1,0.0841490354,0.000457054533
0.04572,1,1,0.00131012565,8.93888038e-05
0.04576,1,1,-0.0161285938,-0.0229688906
0.0458,0,1,-0.0389903113,-0.00882327945
0.04584,0,1,0.013932204,-0.00301165364
0.04588,0,1,0.0203823687,0.012342779
0.04592,0,1,-0.00232245162,-0.0147926557
0.04596,1,1,0.0292476288,0.0119367658
0.046,1,1,-0.0196783524,0.0156814482
0.04604,1,1,-0.0596924767,-9.53941138e-05
0.04608,1,1,-0.0734348921,0.0390546229
0.04612,0,1,0.0837241883,0.0812313571
0.04616,0,1,0.121502087,0.105799472
0.0462,0,1,0.0271257932,0.185362342
0.04624,0,1,0.00217333965,0.278840159
0.04628,1,1,-0.0232895013,0.397847617
0.04632,1,1,-0.0208511008,0.561073687
0.04636,1,1,-0.0440243619,0.753907332
0.0464,1,1,-0.0140950542,0.864589903
0.04644,0,1,0.0184666422,0.974157837
0.04648,0,1,0.0932968027,1.03320968
0.04652,0,1,0.0469016893,1.02925211
0.04656,0,1,-0.0236169786,0.962016882
0.0466,0,1,0.0461631614,0.862830401
0.04664,1,1,-0.138340249,0.731501787
0.04668,1,1,0.0205233337,0.588540696
0.04672,1,1,-0.0223892639,0.473902681
0.04676,1,1,0.119794633,0.365595551
0.0468,0,1,0.150946214,0.312121732
0.04684,0,1,0.00158996664,0.277441017
0.04688,0,1,0.0021506526,0.256641116
0.04692,0,1,0.0637420963,0.269990329
0.04696,1,1,0.0365786137,0.298232487
0.047,1,1,0.0533502747,0.317542218
0.04704,1,1,0.031556174,0.353826998
0.04708,1,1,0.138983668,0.406931731
0.04712,0,1,0.126688934,0.423653062
0.04716,0,1,0.0682305349,0.451873213
0.0472,0,1,0.129300453,0.484375356
0.04724,0,1,0.143645425,0.494459462
0.04728,1,1,0.0855130836,0.555507024
0.04732,1,1,0.0567158111,0.586784605
0.04736,1,1,0.0762777094,0.563578238
0.0474,1,1,0.0702193925,0.58214094
0.04744,1,1,0.152456197,0.609676458
0.04748,0,1,0.144045078,0.589223274
0.04752,0,1,0.183654661,0.600676086
0.04756,0,1,0.155503354,0.586754252
0.0476,0,1,0.162122587,0.556579572
0.04764,1,1,0.149303346,0.526714784
0.04768,1,1,0.125528469,0.523310418
0.04772,1,1,0.190707658,0.47667676
0.04776,1,1,0.203006764,0.416423035
0.0478,0,1,0.280258933,0.409410839
0.04784,0,1,0.192081652,0.373556547
0.04788,0,1,0.180094671,0.32356251
0.04792,0,1,0.187331306,0.279468364
0.04796,1,1,0.164394193,0.251809426
0.048,1,1,0.129458955,0.240941347
0.04804,1,1,0.193450568,0.202612164
0.04808,1,1,0.167721372,0.172049657
0.04812,0,1,0.116807159,0.136202156
0.04816,0,1,0.184303673,0.119867871
0.0482,0,1,0.197595361,0.104620119
0.04824,0,1,0.0762082032,0.0685391826
0.04828,0,1,0.205028947,0.0513950874
0.04832,1,1,0.112312421,0.059335755
0.04836,1,1,0.176937444,0.0433202528
0.0484,1,1,0.201869653,0.0531583871
0.04844,1,1,0.217969152,0.0395716396
0.04848,0,1,0.218183747,0.0199935429
0.04852,0,1,0.198102856,0.00616357115
0.04856,0,1,0.257718106,0.0251932958
0.0486,0,1,0.208079952,0.00577559925
0.04864,1,1,0.199723234,0.00279419578
0.04868,1,1,0.145804551,0.019627551
0.04872,1,1,0.141725436,-0.00452083809
0.04876,1,1,0.149093769,-0.0215504907
0.0488,0,1,0.121446664,-0.0139954361
0.04884,0,1,0.1636725,0.00673376426
0.04888,0,1,0.145288061,-0.00119207343
0.04892,0,1,0.0990838952,0.00340411418
0.04896,1,1,0.138913292,-0.0134086478
0.049,1,1,0.109100506,0.00601332309
0.04904,1,1,0.153274743,-0.0145702358
0.04908,1,1,0.116484751,0.0119344285
0.04912,1,1,0.0668615128,-0.00239459716
0.04916,0,1,0.128637779,-0.0212147739
0.0492,0,1,0.0963084457,0.00234851607
0.04924,0,1,0.119253434,0.0148832916
0.04928,0,1,0.147230274,-0.00485988
0.04932,1,1,0.117034769,-0.00225900006
0.04936,1,1,0.163585451,0.0230041639
0.0494,1,1,0.0219262004,0.0064872411
0.04944,1,1,0.141209803,-0.00629584034
0.04948,0,1,0.0398839691,-0.000889113471
0.04952,0,1,0.0652536708,0.00939995517
0.04956,0,1,0.138739361,-0.0100974099
0.0496,0,1,0.076551236,0.00649031929
0.04964,1,1,0.0928249435,0.000648298914
0.04968,1,1,0.106536414,-0.00331215839
0.04972,1,1,0.0373148793,-0.00608627383
0.04976,1,1,0.0394889875,0.00304222071
0.0498,0,1,0.0608250747,0.00587993262
0.04984,0,1,0.055631604,-0.0018910703
0.04988,0,1,-0.027239553,0.00106697011
0.04992,0,1,0.0475505041,-0.00270727221
0.04996,0,1,0.0175966192,0.0186609723
0.05,1,0,0.0418914433,-0.00637520362
0.05004,1,0,-0.0524681407,0.0048356437
0.05008,1,0,-0.00961241451,-0.0133136229
0.05012,1,0,-0.0636897434,-0.000836431468
0.05016,0,0,-0.00413436946,-0.0144874304
0.0502,0,0,-0.0397511897,-0.00970015426
0.05024,0,0,0.055580188,-0.0043347412
0.05028,0,0,-0.0243892148,0.003517542
0.05032,1,0,-0.0481963165,0.00734235431
0.05036,1,0,0.0191245522,-0.00236555557
0.0504,1,0,0.0307916278,0.00203251903
0.05044,1,0,-0.0278383067,-0.00849849582
0.05048,0,0,-0.0659622497,0.00154060261
0.05052,0,0,0.0296935267,-0.000388129753
0.05056,0,0,-0.00516076533,-0.00416120568
0.0506,0,0,-0.00862014168,0.0145833648
0.05064,1,0,0.11540834,0.00393477381
0.05068,1,0,-0.0528264304,0.000340946768
0.05072,1,0,-0.0188453329,-0.00790912565
0.05076,1,0,0.0140611899,-0.0222291903
0.0508,0,0,-0.123052582,-0.0115520918
0.05084,0,0,0.0586870052,0.00528974653
0.05088,0,0,-0.0240017092,-0.000989146858
0.05092,0,0,-0.0594067553,-0.00325629686
0.05096,1,0,0.0163162357,0.0148218822
0.051,1,0,-0.0583181273,-0.0126681121
0.05104,1,0,0.0903734529,0.0115544517
0.05108,1,0,-0.0425417309,0.00118473875
0.05112,1,0,0.0451630432,0.0111534261
0.05116,0,0,0.0587556888,-0.0101942681
0.0512,0,0,0.0359381135,-0.0142941429
0.05124,0,0,0.0482406019,0.00587223453
0.05128,0,0,-0.0309937361,-0.00119471263
0.05132,1,0,0.0271954082,0.00209401023
0.05136,1,0,-0.0202386218,0.00468046666
0.0514,1,0,-0.0652791374,0.00192503147
0.05144,1,0,-0.0363669205,-0.00858172958
0.05148,0,0,-0.0459813823,0.00602085314
0.05152,0,0,0.112085901,0.00350295131
0.05156,0,0,0.077701326,-0.0123442079
0.0516,0,0,-0.0282137367,-0.00587575274
0.05164,1,0,0.0537178298,0.0149934182
0.05168,1,0,0.233537243,0.00355450277
0.05172,1,0,-0.208136856,-0.00377761284
0.05176,1,0,0.0107926959,0.0213030343
0.0518,0,0,0.206902614,0.00440224193
0.05184,0,0,-0.124779479,-0.00564299308
0.05188,0,0,-0.0951817935,0.0136804781
0.05192,0,0,0.227242785,0.00830035405
0.05196,1,0,-0.0451096316,-0.00350575699
0.052,1,0,-0.0597696122,0.00237949195
0.05204,1,0,0.0964771822,-0.0112280777
0.05208,1,0,-0.0620440367,0.000919033354
0.05212,0,0,-0.0679938497,-0.007204831
0.05216,0,0,0.0607814726,0.00586374212
0.0522,0,0,0.0626520003,-0.00238328654
0.05224,0,0,-0.0624828411,0.0148526669
0.05228,0,0,0.009599458,0.00915807286
0.05232,1,0,0.0242760796,-0.0122775888
0.05236,1,0,-0.0513172681,0.00728050836
0.0524,1,0,-0.0272970831,0.000431938023
0.05244,1,0,0.015457318,0.00145411703
0.05248,0,0,-0.133946508,-0.00558057252
0.05252,0,0,-0.00942075158,0.00575283033
0.05256,0,0,0.0499346128,-0.00481315718
0.0526,0,0,0.0505576548,0.0162391524
0.05264,1,0,0.0575516615,0.00481628127
0.05268,1,0,0.115044609,0.0125021085
0.05272,1,0,-0.030108839,-0.0188876387
0.05276,1,0,0.00654900659,-0.0164228101
0.0528,0,0,-0.00395763868,0.0110533785
0.05284,0,0,-0.0144295263,0.00704311341
0.05288,0,0,-0.0139568588,-0.00350666678
0.05292,0,0,-0.0395374587,-0.00827115393
0.05296,1,0,0.00636953641,0.00893129116
0.053,1,0,-0.00836727387,-0.00429150698
0.05304,1,0,0.0247787057,0.0179339691
0.05308,1,0,0.0620586439,-0.00930003235
0.05312,0,0,-0.0114011659,-0.0285837188
0.05316,0,0,0.0162928994,0.000132181617
0.0532,0,0,-0.119913241,-0.0141492391
0.05324,0,0,-0.0384041774,0.00834393205
0.05328,1,0,0.0125908335,-0.0127746502
0.05332,1,0,-0.0135181723,0.00462734269
0.05336,1,0,0.0352868096,0.00736980295
0.0534,1,0,-0.0178038619,-0.0157179691
0.05344,0,0,0.0383778296,-0.00666200022
0.05348,0,0,-0.0485461987,0.00127415041
0.05352,0,0,-0.0241082641,0.00513246972
0.05356,0,0,0.0419893662,0.00999017824
0.0536,0,0,0.0273421084,-0.0146687287
0.05364,1,0,-0.029952697,-0.00573841185
0.05368,1,0,-0.00805302533,-0.00757839726
0.05372,1,0,0.0131356809,0.000248068542
0.05376,1,0,0.123288429,-0.00364420929
0.0538,0,0,0.100879496,0.00351322258
0.05384,0,0,0.0818441166,-0.0164812749
0.05388,0,0,0.00135441652,0.0165678125
0.05392,0,0,-0.0243614561,-0.0151585723
0.05396,1,0,-0.0364389351,0.0181115962
0.054,1,0,-0.0222717265,-0.00965649018
0.05404,1,0,-0.0429791946,-0.0289755465
0.05408,1,0,-0.0332882053,-0.0035296354
0.05412,0,0,0.0320773705,-0.020057793
0.05416,0,0,0.0940936153,0.0304300384
0.0542,0,0,-0.0873688349,0.0149811189
0.05424,0,0,-0.105898938,0.00432389295
0.05428,1,0,-0.00907162373,-0.0170988783
0.05432,1,0,0.0111974127,0.00387987089
0.05436,1,0,0.0178277235,-0.0111429594
0.0544,1,0,-0.0869794367,0.0228041168
0.05444,0,0,-0.0335321054,-0.00236454936
0.05448,0,0,-0.0192467612,0.00854001921
0.05452,0,0,-0.065869795,0.000970984643
0.05456,0,0,0.0272561952,-0.00245324852
0.0546,1,0,0.0573656379,0.0104178738
0.05464,1,0,-0.00902761693,-0.0138042149
0.05468,1,0,-0.0822006156,0.000429987602
0.05472,1,0,0.0171933645,0.000882819906
0.05476,1,0,0.0501619982,0.0107310218
0.0548,0,0,-0.0309583154,-0.00594886924
0.05484,0,0,0.0461834782,0.00378303507
0.05488,0,0,-0.00199659197,-0.0157780153
0.05492,0,0,-0.0553441079,0.00141975722
0.05496,1,0,-0.0933105254,0.00147969086
0.055,1,0,-0.116851755,1.22217313e-05
0.05504,1,0,0.00588295264,0.00996089032
0.05508,1,0,-0.123825143,0.0227470413
0.05512,0,0,-0.0424338706,-0.0211993276
0.05516,0,0,-0.0602210373,0.00785598986
0.0552,0,0,0.0716708232,-0.00637706229
0.05524,0,0,0.0293887476,-0.000530499404
0.05528,1,0,0.0195102086,0.0165622339
0.05532,1,0,0.101488684,-0.000471150764
0.05536,1,0,-0.0183806487,-0.00490182252
0.0554,1,0,0.0263644009,0.000134802673
0.05544,0,0,0.0256770461,-0.0123265824
0.05548,0,0,-0.0410826435,0.0162320612
0.05552,0,0,-0.0931611454,-0.00255088171
0.05556,0,0,0.00863381985,0.00995245269
0.0556,1,0,-0.00211406326,-0.0128677802
0.05564,1,0,-0.0920945215,-0.0158222385
0.05568,1,0,-0.106243322,0.0312628823
0.05572,1,0,0.0659208387,-0.00477468801
0.05576,1,0,-0.0961383024,-0.0122215914
0.0558,0,0,-0.0330886065,0.00198114777
0.05584,0,0,-0.0202173638,0.0164872066
0.05588,0,0,-0.0223432153,0.00885772359
0.05592,0,0,-0.00391252841,-0.000170097909
0.05596,1,0,-0.00244567629,0.00940469999
0.056,1,0,0.0730743929,0.00703810413
0.05604,1,0,0.0568639768,0.0334266524
0.05608,1,0,-0.101070922,0.0339190272
0.05612,0,0,-0.0861714871,0.0632380018
0.05616,0,0,0.0409450517,0.0984446525
0.0562,0,0,0.08265697,0.172362702
0.05624,0,0,0.0413506225,0.289787235
0.05628,1,0,-0.00245547115,0.386572815
0.05632,1,0,0.0580731813,0.579273202
0.05636,1,0,0.102418099,0.70267725
0.0564,1,0,-0.0312851011,0.862996001
0.05644,0,0,-0.0444266357,0.955532268
0.05648,0,0,-0.0390959706,1.02255571
0.05652,0,0,-0.0498735545,1.01769279
0.05656,0,0,-0.0417736044,0.95827047
0.0566,0,0,-0.0301271384,0.867575385
0.05664,1,0,0.0169903189,0.74078843
0.05668,1,0,-0.0784593954,0.583316999
0.05672,1,0,0.059631221,0.485527374
0.05676,1,0,0.067324738,0.366622364
0.0568,0,0,0.0973044164,0.304828543
0.05684,0,0,0.0324895118,0.265155915
0.05688,0,0,0.0705963143,0.272176181
0.05692,0,0,0.0438682186,0.282126505
0.05696,1,0,0.0642183245,0.305438801
0.057,1,0,0.09849641,0.320176323
0.05704,1,0,0.0553443286,0.363541496
0.05708,1,0,0.16059251,0.391865443
0.05712,0,0,0.142753949,0.43960255
0.05716,0,0,0.0193756453,0.451513733
0.0572,0,0,0.147015215,0.493656165
0.05724,0,0,0.125127924,0.52977509
0.05728,1,0,0.198217592,0.539156744
0.05732,1,0,0.126725614,0.584712917
0.05736,1,0,0.124697405,0.588039722
0.0574,1,0,0.142127723,0.607064349
0.05744,1,0,0.134578413,0.580934807
0.05748,0,0,0.0762294907,0.610090966
0.05752,0,0,0.207214352,0.578629776
0.05756,0,0,0.137757268,0.570677678
0.0576,0,0,0.156277979,0.55213406
0.05764,1,0,0.0608736583,0.538677409
0.05768,1,0,0.133118017,0.496182198
0.05772,1,0,0.223359106,0.456488152
0.05776,1,0,0.18943185,0.464013763
0.0578,0,0,0.213426923,0.393382466
0.05784,0,0,0.229000097,0.380982883
0.05788,0,0,0.190078754,0.329161187
0.05792,0,0,0.185316631,0.293429245
0.05796,1,0,0.193373662,0.280850364
0.058,1,0,0.239197519,0.222562264
0.05804,1,0,0.191018989,0.198398319
0.05808,1,0,0.113890853,0.156082882
0.05812,0,0,0.222024393,0.142737883
0.05816,0,0,0.23355642,0.107761372
0.0582,0,0,0.277356518,0.103378775
0.05824,0,0,0.34144826,0.0919985092
0.05828,0,0,0.211988745,0.0756373777
0.05832,1,0,0.146286936,0.0450086215
0.05836,1,0,0.255368959,0.0545642934
0.0584,1,0,0.215399157,0.0296488701
0.05844,1,0,0.262789382,0.0345769632
0.05848,0,0,0.218316296,0.00288362453
0.05852,0,0,0.135317823,0.00728802672
0.05856,0,0,0.159586161,-0.0116588447
0.0586,0,0,0.191438906,0.00831753055
0.05864,1,0,0.172756746,0.00591160085
0.05868,1,0,0.275109756,-0.00230470758
0.05872,1,0,0.151665816,-0.0114011341
0.05876,1,0,0.183435284,0.00933402584
0.0588,0,0,0.243481581,0.00506699225
0.05884,0,0,0.147688271,0.0148559145
0.05888,0,0,0.23578298,0.0130781182
0.05892,0,0,0.168562507,-0.00211176413
0.05896,1,0,0.164361172,-0.00342665526
0.059,1,0,0.185528968,-0.00467433824
0.05904,1,0,0.178574346,0.002485445
0.05908,1,0,0.128738922,0.00294329995
0.05912,1,0,0.0778094753,-0.0111595822
0.05916,0,0,0.170979591,-0.0078625232
0.0592,0,0,0.00892993784,0.0128237557
0.05924,0,0,0.121206709,0.00326279102
0.05928,0,0,0.168473647,-0.00164635927
0.05932,0,0,0.0832694479,0.00862749252
0.05936,0,0,0.111967452,-0.00152990315
0.0594,0,0,0.13148039,-0.0011698381
0.05944,0,0,0.071185547,-0.0113636791
0.05948,0,0,0.0159651574,0.00944516814
0.05952,0,0,0.0432522605,-0.00605493053
0.05956,0,0,0.0575052165,-0.0142096758
0.0596,0,0,0.103260452,-0.00803177435
0.05964,0,0,-0.0349476963,0.00545927004
0.05968,0,0,0.0368472409,0.0020283722
0.05972,0,0,-0.0590370342,-0.0026962455
0.05976,0,0,0.0732610788,0.024566388
0.0598,0,0,0.0745370437,0.0120111261
0.05984,0,0,0.087585748,-0.00294766389
0.05988,0,0,0.00658949366,-0.00060051173
0.05992,0,0,0.0206346137,-0.00831312593
0.05996,0,0,0.0110214425,-0.0154993656
0.06,1,0,-0.0233699617,-0.00281267549
0.06004,1,0,0.0195282371,-0.00450855828
0.06008,1,0,0.00943911615,0.002640994
0.06012,1,0,0.0342880466,-0.00398642202
0.06016,0,0,0.0609601678,-0.00245630887
0.0602,0,0,-0.091937603,0.00976983177
0.06024,0,0,-0.0190114748,0.00245730481
0.06028,0,0,0.0203019786,0.0102539688
0.06032,1,0,-0.00669050759,0.0215723369
0.06036,1,0,0.00724032554,0.00241673902
0.0604,1,0,-0.0265306361,-0.0118791833
0.06044,1,0,0.0336786036,-0.0154169409
0.06048,0,0,-0.125762698,-0.00109493344
0.06052,0,0,-0.0444087666,0.00201666569
0.06056,0,0,0.0371938007,0.022164253
0.0606,0,0,-0.10878689,-0.00790102409
0.06064,1,0,0.0568736287,0.0127484803
0.06068,1,0,0.00225479525,-0.00102269365
0.06072,1,0,-0.047860564,-0.00463585191
0.06076,1,0,-0.0123080332,0.000801281143
0.0608,0,0,-0.0419941603,-0.00483632964
0.06084,0,0,0.0288796326,-0.0116935461
0.06088,0,0,-0.0263432051,0.011540195
0.06092,0,0,0.0525724162,-0.00566516648
0.06096,0,0,-0.0154337296,-0.0090743511
0.061,1,0,-0.00183848956,-0.00229892195
0.06104,1,0,-0.046928829,-0.0076047788
0.06108,1,0,0.072756004,-0.00198079524
0.06112,1,0,0.0133312953,-0.0119475826
0.06116,0,0,-0.00424349137,-0.00218756245
0.0612,0,0,-0.0223063313,0.00887112205
0.06124,0,0,0.0207534435,0.00589526216
0.06128,0,0,0.0127306306,0.000912580504
0.06132,1,0,0.0617515602,0.0142376975
0.06136,1,0,0.0153545718,-0.0063637985
0.0614,1,0,-0.0543803549,0.00424434752
0.06144,1,0,-0.0219328743,-0.00588631203
0.06148,0,0,-0.0583584651,0.0107264491
0.06152,0,0,-0.0403562439,-0.0283771722
0.06156,0,0,-0.038300063,0.00976988817
0.0616,0,0,-0.00299081697,-0.0109053777
0.06164,1,0,0.022076104,-0.00377165639
0.06168,1,0,0.313209191,-0.0139806677
0.06172,1,0,-0.170087212,-0.000100329089
0.06176,1,0,-0.0377108857,0.0226170742
0.0618,0,0,0.171968799,-0.00955873412
0.06184,0,0,-0.110908157,0.00323837739
0.06188,0,0,-0.104927401,-0.0061424983
0.06192,0,0,0.0860811387,0.0122053831
0.06196,1,0,-0.0799766189,-0.0150271638
0.062,1,0,-0.0721004576,0.00920719058
0.06204,1,0,-0.0021225585,-0.00184813367
0.06208,1,0,-0.00758270961,-0.00571931871
0.06212,0,0,-0.0768760025,-0.00168165208
0.06216,0,0,0.0618382651,0.000373977423
0.0622,0,0,-0.0288761005,0.00204625955
0.06224,0,0,-0.0812875984,-0.00161112689
0.06228,0,0,0.0245776008,-0.0239358741
0.06232,1,0,0.0634774586,0.00807063091
0.06236,1,0,-0.0312633321,-0.00100423591
0.0624,1,0,-0.00187416702,-0.00449261094
0.06244,1,0,-0.000740599336,0.0109239578
0.06248,0,0,-0.0549487023,0.00410128629
0.06252,0,0,-0.0220770541,0.00280585026
0.06256,0,0,-0.0606224281,-0.00165782791
0.0626,0,0,0.0149842645,-0.00295579931
0.06264,1,0,0.000108142616,-0.00259463667
0.06268,1,0,0.0859536303,0.0136047762
0.06272,1,0,0.000763257859,-0.000563001171
0.06276,1,0,-0.0103298403,-0.00177115145
0.0628,0,0,0.0669721557,-0.00613017133
0.06284,0,0,0.0341636812,-0.00560322133
0.06288,0,0,0.0585640892,0.00165903268
0.06292,0,0,0.0640109959,-0.00503868949
0.06296,1,0,0.0391340175,0.00131383963
0.063,1,0,-0.0219074736,0.0136550033
0.06304,1,0,-0.00425201666,0.00971663253
0.06308,1,0,-0.118967935,-0.0081761156
0.06312,0,0,0.0348507677,-0.00121062381
0.06316,0,0,0.0217952995,-0.00930616883
0.0632,0,0,0.0687554549,-0.00127464251
0.06324,0,0,-0.00761133831,0.00283023198
0.06328,1,0,-0.0313605129,0.00140838166
0.06332,1,0,0.0721131234,-0.00478232976
0.06336,1,0,0.0361036276,0.00215563904
0.0634,1,0,0.0117621235,0.00407792756
0.06344,0,0,-0.0948482604,-0.00112923019
0.06348,0,0,0.0713003115,0.0164799132
0.06352,0,0,-0.0093594173,0.0106786356
0.06356,0,0,7.26267473e-05,-0.00504469744
0.0636,0,0,0.0447602585,-0.00528209353
0.06364,1,0,0.00290328679,0.00337258615
0.06368,1,0,-0.0909675131,-0.00927828096
0.06372,1,0,-0.00223479028,0.00125709758
0.06376,1,0,-0.04510213,8.50924402e-05
0.0638,0,0,-0.0474714374,-0.00276718839
0.06384,0,0,-0.0112120482,0.0167241113
0.06388,0,0,0.0413824228,0.00398927979
0.06392,0,0,-0.0375316204,0.00828468927
0.06396,1,0,-0.00907882236,0.000172758933
0.064,1,0,-0.0284306516,-0.00790968478
0.06404,1,0,-0.0446723807,0.00525529506
0.06408,1,0,-0.0395684875,0.000239580029
0.06412,0,0,-0.00481249619,-0.00226955493
0.06416,0,0,-0.0210594801,-0.0112132762
0.0642,0,0,-0.0713289583,0.0123804987
0.06424,0,0,0.0331741909,-0.00740319081
0.06428,1,0,0.0519487711,0.00488251445
0.06432,1,0,0.0533036095,0.00867946788
0.06436,1,0,-0.0503680421,-0.0092737972
0.0644,1,0,0.0296530114,-0.00148494146
0.06444,0,0,-0.0354519089,0.00312092528
0.06448,0,0,0.0785094667,-0.00503590647
0.06452,0,0,0.0358600321,-0.0156820323
0.06456,0,0,0.0675309911,0.0106383835
0.0646,1,0,0.0150048322,0.00666113719
0.06464,1,0,0.0927959357,-0.0156208289
0.06468,1,0,-0.0451636463,0.000729903665
0.06472,1,0,0.057787138,-0.00799425021
0.06476,1,0,0.0440862864,0.00564334781
0.0648,0,0,0.026602293,-0.00464272523
0.06484,0,0,0.0759614558,-0.0110255837
0.06488,0,0,0.0308534138,0.00736781365
0.06492,0,0,0.0563137313,-0.00543988449
0.06496,1,0,-0.0472963273,0.0243619443
0.065,1,0,0.011067378,-0.00837318869
0.06504,1,0,-0.00649176914,-0.0119896342
0.06508,1,0,0.0160506049,-0.0134404337
0.06512,0,0,-0.0102607413,-0.0189273762
0.06516,0,0,-0.0274150782,-0.00958038151
0.0652,0,0,-0.0128670993,-0.00946404796
0.06524,0,0,-0.0929339861,0.0116308771
0.06528,1,0,-0.0651028631,0.0160757888
0.06532,1,0,-0.0293478419,-0.00142760446
0.06536,1,0,-0.132240544,0.00905288874
0.0654,1,0,0.0157764888,-0.0112936365
0.06544,0,0,0.0277444604,-0.00330389983
0.06548,0,0,0.0204940496,0.00624311908
0.06552,0,0,0.0853164579,0.0192347014
0.06556,0,0,-0.0189444835,-0.0130108215
0.0656,1,0,0.0016252809,0.00482794231
0.06564,1,0,0.0766587472,0.00551953695
0.06568,1,0,-0.0769892129,-0.00076718991
0.06572,1,0,0.0639992152,0.0185313124
0.06576,1,0,0.0695928957,0.00136655144
0.0658,0,0,0.0246847503,-0.00158586972
0.06584,0,0,0.0939966294,0.013100231
0.06588,0,0,0.12695132,0.00111438597
0.06592,0,0,0.0218073892,0.0065401306
0.06596,1,0,-0.047718609,0.0182885349
0.066,1,0,0.006473215,0.0153609813
0.06604,1,0,0.0305634628,0.0117779173
0.06608,1,0,0.022563226,0.0266620385
0.06612,0,0,-0.0121729079,0.0425544941
0.06616,0,0,0.011614238,0.119304801
0.0662,0,0,-0.0509230764,0.180762561
0.06624,0,0,-0.0393088636,0.277414294
0.06628,1,0,0.0301518788,0.40989909
0.06632,1,0,0.0680465764,0.554427553
0.06636,1,0,0.0572086303,0.710323241
0.0664,1,0,0.0723366417,0.851689447
0.06644,0,0,0.0299794076,0.977288443
0.06648,0,0,-0.0413145644,1.02013043
0.06652,0,0,0.0174512257,1.02006984
0.06656,0,0,-0.0406204459,0.956513529
0.0666,0,0,0.0339198841,0.877593706
0.06664,1,0,0.0246560001,0.731627479
0.06668,1,0,0.0711854418,0.591074177
0.06672,1,0,0.0764884923,0.464744743
0.06676,1,0,0.0958693729,0.363559543
0.0668,0,0,0.00772670368,0.314234399
0.06684,0,0,-0.0541488352,0.258405802
0.06688,0,0,0.0723026767,0.279920107
0.06692,0,0,0.047316263,0.280163571
0.06696,1,0,0.0151600316,0.294943218
0.067,1,0,0.054501945,0.324305426
0.06704,1,0,0.0450806064,0.360632057
0.06708,1,0,0.123622647,0.385317765
0.06712,0,0,0.138506445,0.437754682
0.06716,0,0,0.109311073,0.466249026
0.0672,0,0,0.0440358141,0.492358735
0.06724,0,0,0.132275756,0.513362044
0.06728,1,0,0.164945917,0.548552625
0.06732,1,0,0.164853362,0.554886537
0.06736,1,0,0.114241326,0.565878485
0.0674,1,0,0.149073073,0.584426268
0.06744,1,0,0.145588152,0.620992636
0.06748,0,0,0.109950476,0.601841958
0.06752,0,0,0.15215986,0.579079244
0.06756,0,0,0.217401289,0.577943351
0.0676,0,0,0.179299055,0.558785386
0.06764,1,0,0.18132214,0.528919708
0.06768,1,0,0.0970110026,0.506270568
0.06772,1,0,0.225524086,0.474607867
0.06776,1,0,0.193924309,0.451264852
0.0678,0,0,0.202000595,0.411086768
0.06784,0,0,0.184325036,0.376808139
0.06788,0,0,0.275572031,0.318852303
0.06792,0,0,0.197870306,0.293453977
0.06796,1,0,0.235649643,0.272696832
0.068,1,0,0.214311586,0.222723793
0.06804,1,0,0.183192876,0.215419179
0.06808,1,0,0.247320776,0.170954927
0.06812,1,0,0.138507241,0.145144835
0.06816,0,0,0.20423999,0.126187713
0.0682,0,0,0.194401491,0.087750453
0.06824,0,0,0.120467238,0.0641227522
0.06828,0,0,0.175821308,0.071701201
0.06832,1,0,0.182564876,0.0609377723
0.06836,1,0,0.179376828,0.0360455611
0.0684,1,0,0.112469403,0.0301607116
0.06844,1,0,0.281214819,0.00577514882
0.06848,0,0,0.210477826,0.0207887542
0.06852,0,0,0.24496935,-0.0115561184
0.06856,0,0,0.197721161,0.00117444047
0.0686,0,0,0.0789780722,0.0108352732
0.06864,1,0,0.233738461,-0.00757495597
0.06868,1,0,0.163761073,-0.00486394162
0.06872,1,0,0.190233466,0.00154753498
0.06876,1,0,0.187694405,0.0156531471
0.0688,0,0,0.198722398,-0.00116583468
0.06884,0,0,0.223315336,0.0151641932
0.06888,0,0,0.0945681184,0.0126335483
0.06892,0,0,0.112482068,0.00780663453
0.06896,0,0,0.174756209,0.0143944811
0.069,1,0,0.108039814,0.00587997934
0.06904,1,0,0.155126468,-0.0076847712
0.06908,1,0,0.165435217,-0.00779807593
0.06912,1,0,0.186400254,-0.00709969772
0.06916,0,0,0.185480769,-0.00938267543
0.0692,0,0,0.120339201,-0.0166022192
0.06924,0,0,0.101155728,-0.00336799483
0.06928,0,0,0.121107938,-0.0027188784
0.06932,1,0,0.0926804052,0.0264593925
0.06936,1,0,0.162535399,0.00180391658
0.0694,1,0,0.0865203161,0.00245191972
0.06944,1,0,0.0963702403,-0.000818693917
0.06948,0,0,0.11864912,-0.0064943191
0.06952,0,0,0.0840866334,0.00113756313
0.06956,0,0,0.0368279103,-0.0160956242
0.0696,0,0,0.0665398945,0.000309842934
0.06964,1,0,0.0908038075,-0.0112379331
0.06968,1,0,0.114026116,-0.0133613519
0.06972,1,0,0.092625672,-0.00573827879
0.06976,1,0,-0.0136028633,-0.00267111259
0.0698,0,0,0.0384772576,0.00625702049
0.06984,0,0,0.04140738,0.0144822323
0.06988,0,0,0.0548990415,0.0162782983
0.06992,0,0,0.0441755374,-0.00124483824
0.06996,0,0,0.0660837988,0.0173712502
0.07,1,0,-0.0154297525,0.0154729099
0.07004,1,0,0.0359518724,0.00463141313
0.07008,1,0,-0.0443940068,0.00760659973
0.07012,1,0,0.00707551682,0.0226530016
0.07016,0,0,0.00575440268,0.00360318857
0.0702,0,0,-0.0195209119,-0.0175136834
0.07024,0,0,0.0988459872,0.00307558035
0.07028,0,0,-0.0164195586,-0.00372413476
0.07032,1,0,-0.151669694,-0.0142612084
0.07036,1,0,0.0530809063,0.00443139462
0.0704,1,0,0.100651783,-0.00973674438
0.07044,1,0,-0.00843601571,0.00711467748
0.07048,0,0,0.0614668706,-0.00468127754
0.07052,0,0,0.0467346298,-0.00790581489
0.07056,0,0,0.0481092963,0.00897463841
0.0706,0,0,0.00253906682,-0.00579032381
0.07064,1,0,-0.014635563,-0.000471637412
0.07068,1,0,-0.0477271088,-0.000160681752
0.07072,1,0,-0.0795461557,0.000474533292
0.07076,1,0,0.0169320066,-0.0031994641
0.0708,0,0,-0.0304237391,0.00287878243
0.07084,0,0,-0.0211461744,-0.00716905456
0.07088,0,0,-0.0447427854,0.0152442564
0.07092,0,0,0.0884460809,-0.00245674466
0.07096,0,0,0.010668978,0.00337390579
0.071,1,0,0.0355129755,6.13747307e-05
0.07104,1,0,0.0199100237,-0.00922697265
0.07108,1,0,-0.0509063554,-0.00596953008
0.07112,1,0,-0.034299298,0.00679460431
0.07116,0,0,0.031740564,0.00216453887
0.0712,0,0,0.0423921711,0.00371205977
0.07124,0,0,0.0258279057,0.00197588832
0.07128,0,0,-0.023720721,0.00520671039
0.07132,1,0,0.0105211992,0.00786662746
0.07136,1,0,0.0357079392,4.69438451e-05
0.0714,1,0,-0.0526843509,0.000852965359
0.07144,1,0,-0.0552192451,-0.000543710542
0.07148,0,0,0.0518690202,0.00783771512
0.07152,0,0,-0.0681721233,0.0192998168
0.07156,0,0,0.0209914409,0.0135285584
0.0716,0,0,-0.0686099372,-0.00666140017
0.07164,1,0,-0.026186466,0.00791624491
0.07168,1,0,0.250986811,-0.00486842276
0.07172,1,0,-0.137712197,-0.00995471768
0.07176,1,0,0.0161592316,0.0227578635
0.0718,0,0,0.209194677,0.00282711557
0.07184,0,0,-0.0632023447,0.00611797578
0.07188,0,0,-0.134447423,0.00229832403
0.07192,0,0,0.165646167,-0.00727318204
0.07196,1,0,-0.0439283662,0.012106036
0.072,1,0,-0.0820301099,0.00601335072
0.07204,1,0,0.163598055,-0.0066542561
0.07208,1,0,0.0597717378,0.00233695445
0.07212,0,0,-0.20512382,0.00882666967
0.07216,0,0,-0.0347820282,-0.0217031507
0.0722,0,0,0.00387057666,-0.00736404434
0.07224,0,0,-0.122895549,0.00865029719
0.07228,0,0,0.00344002418,0.0091744816
0.07232,1,0,-0.0401692678,0.000800923993
0.07236,1,0,-0.0460491628,-0.00100141906
0.0724,1,0,0.0678400593,-0.0109412511
0.07244,1,0,0.0292446912,-0.00379052386
0.07248,0,0,-0.138733052,-0.00687806859
0.07252,0,0,-0.0850953807,-0.00859564983
0.07256,0,0,0.0666240525,-0.0132510845
0.0726,0,0,-0.110122347,0.00790196819
0.07264,1,0,-0.00568090116,0.0134544766
0.07268,1,0,0.0840042534,0.0191889878
0.07272,1,0,0.000354187062,-0.000130498939
0.07276,1,0,0.0114752763,0.00295016964
0.0728,0,0,-0.0205914118,-0.0115699453
0.07284,0,0,0.0670238212,0.00586617425
0.07288,0,0,-0.100209433,0.0104846549
0.07292,0,0,0.0916264677,-0.0108524463
0.07296,1,0,0.0558327433,0.0120023041
0.073,1,0,0.0125784115,0.00612088688
0.07304,1,0,-0.0296657375,-0.00247721931
0.07308,1,0,-0.0402320925,-0.00837496168
0.07312,0,0,-0.00620790574,-0.0131547889
0.07316,0,0,0.0225010763,0.0103818873
0.0732,0,0,0.0138615834,-0.00925128426
0.07324,0,0,-0.0394935553,-0.0118645008
0.07328,1,0,-0.0233870268,0.0168577412
0.07332,1,0,-0.00781456118,0.00540225142
0.07336,1,0,0.0426138185,-0.0056364176
0.0734,1,0,0.0861717266,-0.0105827226
0.07344,0,0,-0.0223360058,-0.00568232419
0.07348,0,0,0.0673183954,0.00762749212
0.07352,0,0,0.0324881678,-0.00304673504
0.07356,0,0,0.0859106426,0.00952095926
0.0736,0,0,0.0117811576,-0.00298712802
0.07364,1,0,-0.00425445697,-0.00197626976
0.07368,1,0,-0.0343182677,-0.0136949748
0.07372,1,0,0.0593962953,0.00377454078
0.07376,1,0,0.0627442182,0.0124886815
0.0738,0,0,0.0235458138,0.00250604531
0.07384,0,0,0.00162572127,-0.00941442016
0.07388,0,0,0.00930148225,0.00232531477
0.07392,0,0,0.00098351498,-0.00111966754
0.07396,1,0,0.00453762528,-0.0127165668
0.074,1,0,0.00916164258,-0.0156864927
0.07404,1,0,0.019032016,-0.00493377439
0.07408,1,0,-0.0897031544,-0.0169350533
0.07412,0,0,0.0505078825,7.91285828e-05
0.07416,0,0,-0.0317676165,0.0010008706
0.0742,0,0,-0.116147727,-0.00289072636
0.07424,0,0,-0.0726983037,0.0017363101
0.07428,1,0,0.0401431037,-0.00914901015
0.07432,1,0,-0.0188230861,-0.00193754964
0.07436,1,0,0.0128017337,0.00517152762
0.0744,1,0,0.0605362014,0.00859567709
0.07444,0,0,-0.0213122269,0.0111694604
0.07448,0,0,0.016288654,0.00344765614
0.07452,0,0,-0.0068818353,0.0115237268
0.07456,0,0,-0.0455716164,-0.0029569977
0.0746,1,0,-0.0359320537,-0.0191858258
0.07464,1,0,0.000100674226,-0.00215991441
0.07468,1,0,-0.0245183153,0.0167405889
0.07472,1,0,-0.0358701047,0.0126343602
0.07476,1,0,-0.0580898497,0.00997445667
0.0748,0,0,0.0034380535,-0.00500566461
0.07484,0,0,0.0641546563,-0.00917072395
0.07488,0,0,0.0761864085,0.0164006164
0.07492,0,0,-0.0514049102,0.022240042
0.07496,1,0,-0.048765683,0.0247836615
0.075,1,0,-0.071826188,-0.0222479697
0.07504,1,0,-0.0479482316,0.0261277575
0.07508,1,0,0.0897511056,0.00418215611
0.07512,0,0,-0.0142449305,0.0167516991
0.07516,0,0,0.0174170934,-0.00127985031
0.0752,0,0,-0.0943224928,0.0134563269
0.07524,0,0,-0.0370369642,0.00686124888
0.07528,1,0,0.0581480306,-0.00276319239
0.07532,1,0,-0.00772109875,0.0112678105
0.07536,1,0,0.0152161138,-0.00458123574
0.0754,1,0,0.104835799,0.000945709844
0.07544,0,0,-0.0796396687,0.0132312387
0.07548,0,0,0.00215917662,0.00502320538
0.07552,0,0,0.0729091988,0.0157274004
0.07556,0,0,-0.112557811,0.0106395016
0.0756,1,0,-0.0721229025,5.09666163e-05
0.07564,1,0,-0.0324848654,0.00542150714
0.07568,1,0,0.0868833877,-0.000977068007
0.07572,1,0,-0.0595935445,0.00316837341
0.07576,1,0,-0.079851572,-0.00380824837
0.0758,0,0,0.0720203077,0.00462718034
0.07584,0,0,-0.0176037719,-0.0237958567
0.07588,0,0,-0.00902845345,-0.00515956475
0.07592,0,0,-0.0106321414,-0.004631264
0.07596,1,0,-0.0472397556,0.00972114482
0.076,1,0,-0.0185660109,0.00133968591
0.07604,1,0,-0.0141935506,0.0190984534
0.07608,1,0,0.087340969,0.0270431958
0.07612,0,0,-0.00721993333,0.0664731251
0.07616,0,0,-0.015317248,0.102164909
0.0762,0,0,-0.0766525017,0.18411552
0.07624,0,0,-0.0190256096,0.288478727
0.07628,1,0,-0.0372154152,0.393959366
0.07632,1,0,-0.00200901721,0.564395229
0.07636,1,0,-0.0104927837,0.704938655
0.0764,1,0,0.0402207137,0.848213505
0.07644,0,0,-0.0675629446,0.972374733
0.07648,0,0,-0.0275872411,1.03559604
0.07652,0,0,-0.00386466647,1.03748685
0.07656,0,0,-0.0524334239,0.965996777
0.0766,0,0,0.0650329815,0.872026836
0.07664,1,0,0.0915152131,0.746072293
0.07668,1,0,0.0838394083,0.602679197
0.07672,1,0,0.0440830611,0.486764018
0.07676,1,0,0.0433698521,0.387344829
0.0768,0,0,0.060877985,0.31324036
0.07684,0,0,0.0919169465,0.26439665
0.07688,0,0,-0.0218246886,0.24830159
0.07692,0,0,0.055948217,0.287878077
0.07696,1,0,0.0667139992,0.294791901
0.077,1,0,0.0896144449,0.33512699
0.07704,1,0,0.0381151695,0.36923845
0.07708,1,0,0.136672885,0.401848046
0.07712,0,0,-0.00132477781,0.432280503
0.07716,0,0,0.167041443,0.474340863
0.0772,0,0,0.0975979111,0.485767024
0.07724,0,0,0.0827813628,0.524439482
0.07728,1,0,0.153991614,0.541554751
0.07732,1,0,0.09363009,0.56086333
0.07736,1,0,0.163901442,0.59063691
0.0774,1,0,0.0638529112,0.595099788
0.07744,1,0,0.1945089,0.587044271
0.07748,0,0,0.186658426,0.599951461
0.07752,0,0,0.161946526,0.577719429
0.07756,0,0,0.114651687,0.576617299
0.0776,0,0,0.241378745,0.55833977
0.07764,1,0,0.0930392529,0.533544396
0.07768,1,0,0.154465208,0.503877309
0.07772,1,0,0.168401177,0.462820054
0.07776,1,0,0.170652253,0.448005232
0.0778,0,0,0.220552022,0.411218657
0.07784,0,0,0.215386732,0.363678892
0.07788,0,0,0.127418059,0.31233922
0.07792,0,0,0.134031296,0.29530213
0.07796,1,0,0.250904341,0.264917721
0.078,1,0,0.128715485,0.235639011
0.07804,1,0,0.172216593,0.181056342
0.07808,1,0,0.332167807,0.169045858
0.07812,1,0,0.144425838,0.134568015
0.07816,0,0,0.171640963,0.115533207
0.0782,0,0,0.136702442,0.098962416
0.07824,0,0,0.155774428,0.0789936886
0.07828,0,0,0.198946877,0.0629404756
0.07832,1,0,0.227816233,0.0747417344
0.07836,1,0,0.202559884,0.0339331068
0.0784,1,0,0.193496116,0.0296879576
0.07844,1,0,0.207839238,0.028518024
0.07848,0,0,0.156739656,0.0121164179
0.07852,0,0,0.256194709,0.0104594739
0.07856,0,0,0.16845259,0.00586764792
0.0786,0,0,0.112471543,-0.00414208578
0.07864,1,0,0.22781412,0.0158871027
0.07868,1,0,0.207862178,0.00978997899
0.07872,1,0,0.267152073,0.00988852163
0.07876,1,0,0.188115697,-0.0080709376
0.0788,0,0,0.218726399,-0.0120843179
0.07884,0,0,0.109094278,-0.00705715065
0.07888,0,0,0.177227847,0.00329725519
0.07892,0,0,0.15969077,-0.00645054899
0.07896,0,0,0.152985616,-0.00756083766
0.079,1,0,0.116246306,0.00443169842
0.07904,1,0,0.21163617,0.00940289589
0.07908,1,0,0.180246706,0.00297197856
0.07912,1,0,0.236550283,0.00735922156
0.07916,0,0,0.264676396,0.00852814935
0.0792,0,0,0.0795777458,-0.00409671029
0.07924,0,0,0.136506036,-0.000728268262
0.07928,0,0,0.0614219504,-0.0125870216
0.07932,0,0,0.105419704,-0.00742739563
0.07936,0,0,0.113938563,0.0156278341
0.0794,0,0,0.09572039,-0.00864881773
0.07944,0,0,0.121106834,-0.00563689205
0.07948,0,0,0.0139185387,0.0246376502
0.07952,0,0,0.0139315237,-0.0135841035
0.07956,0,0,0.0840078401,0.00603679344
0.0796,0,0,-0.0807862823,0.00724068636
0.07964,0,0,0.0911850301,-0.00328308361
0.07968,0,0,0.111009062,-0.00157704279
0.07972,0,0,0.0153879528,0.0116708441
0.07976,0,0,0.0247249672,0.00605678031
0.0798,0,0,-0.000756768535,0.0049475904
0.07984,0,0,-0.0145514478,-0.00283388198
0.07988,0,0,-0.0175934792,0.00494029391
0.07992,0,0,-0.00653481842,-0.00218444693
0.07996,0,0,-0.0143220738,0.0066502851
0.08,1,1,0.0206209546,0.000943713396
0.08004,1,1,-0.104770998,0.009074998
0.08008,1,1,0.0370006191,0.00887799151
0.08012,1,1,-0.0359492706,-0.00269808113
0.08016,0,1,-0.00970675729,0.00401505659
0.0802,0,1,-0.0403178287,-0.00872397779
0.08024,0,1,-0.0239294347,0.00365754384
0.08028,0,1,0.0234035464,-0.0133302286
0.08032,1,1,0.00389806818,0.003564384
0.08036,1,1,0.0347721922,0.0230325421
0.0804,1,1,-0.0246345975,-0.00536829326
0.08044,1,1,0.0374482874,0.0072248111
0.08048,0,1,-0.0130573196,-0.0131915299
0.08052,0,1,-0.0534899613,-0.0118182671
0.08056,0,1,-0.0942670083,-0.018794488
0.0806,0,1,0.0297347305,0.00992843831
0.08064,1,1,0.0251170229,-0.0066095991
0.08068,1,1,-0.035612477,0.0152912881
0.08072,1,1,0.0759024592,-6.65140585e-05
0.08076,1,1,-0.0106788812,-0.00738997733
0.0808,0,1,0.0314495683,0.0242452448
0.08084,0,1,0.013039023,0.00546880704
0.08088,0,1,0.0717005144,0.00726411959
0.08092,0,1,-0.00185290077,0.00102653754
0.08096,0,1,0.0802624773,0.00194035439
0.081,1,1,0.0266664582,-0.00242902009
0.08104,1,1,-0.0710610643,0.0118212983
0.08108,1,1,-0.00611532583,-0.00437587294
0.08112,1,1,0.0107412873,0.00424968677
0.08116,0,1,0.0985120633,-0.00141443255
0.0812,0,1,0.129553253,-0.00605740596
0.08124,0,1,0.00946063496,0.00323170589
0.08128,0,1,0.0760562315,-0.00104088874
0.08132,1,1,-0.0347995553,-0.00123563386
0.08136,1,1,-0.0435126187,0.0116765485
0.0814,1,1,0.00162710277,-0.00738782166
0.08144,1,1,-0.0523148685,-0.00888978845
0.08148,0,1,-0.0473921471,0.0166633262
0.08152,0,1,-0.0474188042,-0.0133682888
0.08156,0,1,-0.0477960767,-0.0154734337
0.0816,0,1,-0.0235274841,0.00446254606
0.08164,1,1,0.087876434,-0.00912565555
0.08168,1,1,0.312626501,-0.031125651
0.08172,1,1,-0.169402526,-0.00398867965
0.08176,1,1,-0.0814501326,0.0098917842
0.0818,0,1,0.207621741,0.0163290852
0.08184,0,1,-0.0498072038,0.000617662678
0.08188,0,1,-0.108515051,-0.00367469198
0.08192,0,1,0.183805487,0.0103639586
0.08196,1,1,-0.0712135424,0.0114999203
0.082,1,1,-0.101114514,-0.00141109219
0.08204,1,1,0.191286985,0.00529603399
0.08208,1,1,-0.141928051,0.0146914881
0.08212,0,1,-0.115789562,0.0103409328
0.08216,0,1,0.119699214,0.0167250549
0.0822,0,1,-0.0210184192,0.00306947488
0.08224,0,1,-0.130775814,0.00243351874
0.08228,0,1,0.00256895404,-0.00417165427
0.08232,1,1,0.0137809243,-0.00353476799
0.08236,1,1,-0.0975563915,0.0223150273
0.0824,1,1,-0.0825331097,-0.00995695791
0.08244,1,1,0.0661046804,0.00849641318
0.08248,0,1,-0.0429526821,-0.00956799525
0.08252,0,1,-0.00133542067,0.000465587146
0.08256,0,1,0.00936865248,-0.00464890335
0.0826,0,1,-0.0812107202,-0.000301254842
0.08264,1,1,0.0609054452,-0.00470203513
0.08268,1,1,0.0612629748,0.0129037849
0.08272,1,1,-0.0116003999,-0.000918339188
0.08276,1,1,0.0131829311,0.00623142532
0.0828,0,1,0.0768557912,-0.0154986148
0.08284,0,1,0.016143742,0.00134702756
0.08288,0,1,0.0386376379,0.0123076253
0.08292,0,1,0.1085744,0.00656353862
0.08296,1,1,0.100776739,0.00746623735
0.083,1,1,0.0377898391,0.00229359252
0.08304,1,1,-0.0295090537,-0.0114329069
0.08308,1,1,0.0927213536,-0.00216963638
0.08312,0,1,0.0422351287,0.00430740484
0.08316,0,1,0.0603944879,0.00253396624
0.0832,0,1,0.0506054964,-0.0159950399
0.08324,0,1,-0.0167518271,-0.000807474721
0.08328,1,1,-0.0652023661,-0.00591627159
0.08332,1,1,-0.0484898984,0.0124820144
0.08336,1,1,0.0428524232,-0.00428159086
0.0834,1,1,0.000684250746,-0.00549930386
0.08344,0,1,0.0868885255,0.00543565917
0.08348,0,1,-0.0279737482,-0.00133417181
0.08352,0,1,0.0480292061,-0.00931931354
0.08356,0,1,-0.0460394137,0.00629273165
0.0836,0,1,-0.030824542,0.0156094689
0.08364,1,1,-0.0547946362,-0.00474784326
0.08368,1,1,0.0684931118,-0.00411461403
0.08372,1,1,-0.0473490612,-0.00618493482
0.08376,1,1,-0.0714710183,-0.00848862914
0.0838,0,1,0.0377167305,-0.00239734455
0.08384,0,1,-0.014951199,0.0108461145
0.08388,0,1,0.00849811392,-0.0129251618
0.08392,0,1,0.0267919088,0.00200694935
0.08396,1,1,-0.0640065201,-0.0002011623
0.084,1,1,-0.0506713863,0.0105325776
0.08404,1,1,0.0389253251,-0.0022797568
0.08408,1,1,0.0682247782,-0.0154322508
0.08412,0,1,0.0100253645,0.00608432782
0.08416,0,1,0.0127072142,-0.0128131155
0.0842,0,1,0.0600947362,-0.0126026531
0.08424,0,1,-0.08483771,-0.00545207473
0.08428,1,1,0.0409293806,0.000104412453
0.08432,1,1,0.0252872424,0.0058734654
0.08436,1,1,0.0814575548,0.00208800915
0.0844,1,1,0.0719894431,-0.013901577
0.08444,0,1,0.0770427706,0.000272812329
0.08448,0,1,0.0682350381,0.0174930283
0.08452,0,1,0.0518189099,0.0210695629
0.08456,0,1,-0.0366136732,-0.0029725629
0.0846,1,1,-0.0186231813,-0.00317267939
0.08464,1,1,-0.0281758983,-0.0134802226
0.08468,1,1,0.0238799794,0.00843169486
0.08472,1,1,0.0377586124,0.00978401626
0.08476,1,1,0.0124071869,-0.00132846604
0.0848,0,1,0.0143019782,0.0266699085
0.08484,0,1,0.0374012286,4.34487896e-05
0.08488,0,1,-0.0989691282,0.00266888299
0.08492,0,1,-0.097425803,-0.0154566443
0.08496,1,1,-0.00392708207,0.00771905938
0.085,1,1,-0.0509952217,-0.00257484257
0.08504,1,1,0.0842552425,-0.0039597774
0.08508,1,1,-0.0257923383,-0.00874972207
0.08512,0,1,0.0598376344,0.0054435086
0.08516,0,1,0.0104277465,-0.00927623606
0.0852,0,1,0.125638005,0.0147707041
0.08524,0,1,-0.0576407481,-0.00239234656
0.08528,1,1,0.0571398651,0.00342592185
0.08532,1,1,-0.00854409204,-0.0100087073
0.08536,1,1,-0.0346610343,0.0071286324
0.0854,1,1,-0.0445868773,-0.00396417921
0.08544,0,1,0.0335678149,-0.00445976495
0.08548,0,1,-0.0129615859,0.00328540002
0.08552,0,1,0.0673030822,0.0101184384
0.08556,0,1,-0.0399640078,0.00150337607
0.0856,0,1,-0.135136313,0.00429714083
0.08564,1,1,0.03584304,-0.016185046
0.08568,1,1,-0.0605453306,-0.00587204214
0.08572,1,1,0.0374665698,0.0028584617
0.08576,1,1,-0.0566499993,-1.6704185e-05
0.0858,0,1,-0.00908979046,0.0151261148
0.08584,0,1,0.00604210848,0.00502030672
0.08588,0,1,-0.0845718823,-0.00283394327
0.08592,0,1,0.0358155332,0.00451292892
0.08596,1,1,-0.0178410225,-0.00309702262
0.086,1,1,0.0105131406,0.0100454169
0.08604,1,1,0.045808681,0.026831508
0.08608,1,1,-0.0444349289,0.035973818
0.08612,0,1,-0.0277433655,0.0611919887
0.08616,0,1,0.0339226222,0.123853482
0.0862,0,1,-0.009559751,0.180691831
0.08624,0,1,0.0455838586,0.28881262
0.08628,1,1,0.0262744312,0.420161934
0.08632,1,1,-0.0511886525,0.543915083
0.08636,1,1,0.0915396992,0.706596609
0.0864,1,1,0.0179642467,0.834927123
0.08644,0,1,0.00828674829,0.96395071
0.08648,0,1,-0.00109524955,1.03892829
0.08652,0,1,0.0209262949,1.03027037
0.08656,0,1,0.0327384599,0.970572184
0.0866,0,1,0.00243675029,0.87123406
0.08664,1,1,0.0524378455,0.729718417
0.08668,1,1,0.0505485771,0.605172434
0.08672,1,1,0.0394356298,0.484597131
0.08676,1,1,0.0606923044,0.38220594
0.0868,0,1,0.0689059881,0.327927011
0.08684,0,1,0.157196174,0.294057321
0.08688,0,1,0.112772339,0.286557647
0.08692,0,1,0.0796478508,0.262471683
0.08696,1,1,0.0761765976,0.302415516
0.087,1,1,0.10068812,0.33405429
0.08704,1,1,0.0940281837,0.350538072
0.08708,1,1,0.118885021,0.386457747
0.08712,0,1,0.147670867,0.437985244
0.08716,0,1,0.0614751862,0.465703572
0.0872,0,1,0.0507473639,0.490910804
0.08724,0,1,0.0424409952,0.538531302
0.08728,1,1,0.14515088,0.541641591
0.08732,1,1,0.210903741,0.570522645
0.08736,1,1,0.190740033,0.596862293
0.0874,1,1,0.147900198,0.592820515
0.08744,1,1,0.14783969,0.602984882
0.08748,0,1,0.13326884,0.616906533
0.08752,0,1,0.112322643,0.587794549
0.08756,0,1,0.161507136,0.563053059
0.0876,0,1,0.194421417,0.559175663
0.08764,1,1,0.22198978,0.533356601
0.08768,1,1,0.112234114,0.510984408
0.08772,1,1,0.166653212,0.481929224
0.08776,1,1,0.272634725,0.443504274
0.0878,0,1,0.288990073,0.396962076
0.08784,0,1,0.222712513,0.358862417
0.08788,0,1,0.195921346,0.331549017
0.08792,0,1,0.179701965,0.291762397
0.08796,1,1,0.148837095,0.259445913
0.088,1,1,0.212315026,0.225441195
0.08804,1,1,0.225474678,0.20329663
0.08808,1,1,0.119037206,0.166510001
0.08812,1,1,0.141404639,0.156351428
0.08816,0,1,0.245518397,0.127007139
0.0882,0,1,0.0645696243,0.10494474
0.08824,0,1,0.221887383,0.0811288937
0.08828,0,1,0.165684292,0.0611665558
0.08832,1,1,0.177268121,0.045416411
0.08836,1,1,0.239813885,0.0574512828
0.0884,1,1,0.157301444,0.0191367217
0.08844,1,1,0.160060085,0.0252450089
0.08848,0,1,0.188473707,0.0176852515
0.08852,0,1,0.114181505,0.0200829134
0.08856,0,1,0.249149163,0.0157406649
0.0886,0,1,0.208005703,-0.00448251936
0.08864,1,1,0.247589586,0.00540526018
0.08868,1,1,0.23173873,0.010287796
0.08872,1,1,0.263716415,0.0167431645
0.08876,1,1,0.214925165,-0.00201179237
0.0888,0,1,0.287821348,0.0115631888
0.08884,0,1,0.168443306,-0.0113082344
0.08888,0,1,0.21268798,0.0103805773
0.08892,0,1,0.105552909,0.0095322809
0.08896,0,1,0.13083909,0.000549853124
0.089,1,1,0.121927214,-0.00953263394
0.08904,1,1,0.135131549,-0.0254004704
0.08908,1,1,0.139866107,-0.0192508673
0.08912,1,1,0.129622207,0.0147331017
0.08916,0,1,0.0862207785,0.0224333239
0.0892,0,1,0.153318554,0.0137262786
0.08924,0,1,0.206168975,0.00721801121
0.08928,0,1,0.119536329,-0.00487942079
0.08932,1,1,0.000868800977,0.012685373
0.08936,1,1,0.0960818577,0.000245983315
0.0894,1,1,0.0522697836,0.00696404154
0.08944,1,1,0.154804806,0.00653014842
0.08948,0,1,0.132759911,0.00107419135
0.08952,0,1,0.0649711848,-0.0144475607
0.08956,0,1,0.117286186,0.00766072055
0.0896,0,1,0.0471508691,0.00643884619
0.08964,1,1,0.0886804699,-0.00434408503
0.08968,1,1,0.0918358779,-0.01043154
0.08972,1,1,0.0865172164,0.0042197447
0.08976,1,1,0.000920560751,-0.0119567109
0.0898,0,1,0.0602341967,-0.0058505526
0.08984,0,1,0.00302758996,-0.0167748966
0.08988,0,1,-0.0116915324,-0.00632585875
0.08992,0,1,0.104553219,0.000899401038
0.08996,0,1,0.00210657761,-0.00457740431
0.09,1,0,0.0386408714,-0.008594481
0.09004,1,0,0.0121966371,-0.0140112899
0.09008,1,0,0.090095827,-0.00158897721
0.09012,1,0,-0.0180659851,-0.0108238891
0.09016,0,0,0.100526893,0.000181385292
0.0902,0,0,0.0517168173,-0.0172404161
0.09024,0,0,5.98378843e-06,-0.0101430826
0.09028,0,0,-0.0748695131,-0.00147304498
0.09032,1,0,-0.0973136001,-0.00314292441
0.09036,1,0,-0.004902715,-0.0187243001
0.0904,1,0,0.0909876551,-0.00526932709
0.09044,1,0,0.00354396115,0.00612136273
0.09048,0,0,0.0453026498,0.00773834248
0.09052,0,0,0.0171728578,0.00854966872
0.09056,0,0,-0.000490171804,0.00918270639
0.0906,0,0,-0.020707748,0.00532209125
0.09064,1,0,-0.0347703504,-0.00524032223
0.09068,1,0,-0.00248573421,0.00362675866
0.09072,1,0,0.0175003234,0.000929446921
0.09076,1,0,-0.0475846758,-0.0157919796
0.0908,0,0,-0.0491580547,0.0132273048
0.09084,0,0,0.155428668,-0.000150587497
0.09088,0,0,-0.00631641945,-0.0122902911
0.09092,0,0,-0.027109118,0.0177439609
0.09096,0,0,0.0141070162,0.00947620633
0.091,1,0,-0.00433371785,-0.0152472558
0.09104,1,0,0.098898995,-0.00703263234
0.09108,1,0,0.0560121095,-0.0024353964
0.09112,1,0,-0.0467545284,-0.00885940398
0.09116,0,0,0.0841929933,0.00871798987
0.0912,0,0,-0.000342381604,-0.0021589509
0.09124,0,0,0.00533752351,-0.0204508596
0.09128,0,0,0.0762203181,-0.00146702676
0.09132,1,0,0.0232186317,-0.00992682367
0.09136,1,0,-0.019746864,0.0102480424
0.0914,1,0,0.0435680852,0.00161423362
0.09144,1,0,0.0105352087,-0.0143297935
0.09148,0,0,0.0221167378,-0.00213199938
0.09152,0,0,0.0126804028,-0.00502060678
0.09156,0,0,-0.0453466939,0.00201893086
0.0916,0,0,-0.0464781506,0.00962399263
0.09164,1,0,-0.0271460228,-0.003085801
0.09168,1,0,0.338718811,0.0131539106
0.09172,1,0,-0.156235149,0.0153465385
0.09176,1,0,0.000154969089,0.0119444925
0.0918,0,0,0.182453431,-0.00551975525
0.09184,0,0,-0.0865218207,-0.0065727833
0.09188,0,0,-0.030086404,-0.0110364926
0.09192,0,0,0.132338609,-0.00516329379
0.09196,1,0,-0.0709760716,-0.00730446444
0.092,1,0,-0.0011328413,0.00102222521
0.09204,1,0,0.0706540873,-0.0102965117
0.09208,1,0,-0.0375566097,0.0079143522
0.09212,0,0,-0.0475266311,0.00462272452
0.09216,0,0,0.142280504,0.000500730436
0.0922,0,0,-0.04164594,0.00456304794
0.09224,0,0,-0.0916103728,-0.00401790421
0.09228,0,0,-0.02730922,0.00696915958
0.09232,1,0,0.00392530031,-0.00355420053
0.09236,1,0,-0.121409476,0.00222225484
0.0924,1,0,0.00889961178,-0.00498379993
0.09244,1,0,-0.0012045015,0.00190818614
0.09248,0,0,0.0145006874,-0.0044121508
0.09252,0,0,0.0184275221,-0.0114769046
0.09256,0,0,-0.00803982206,-0.00150825707
0.0926,0,0,-0.0484372373,-0.00455831669
0.09264,1,0,-0.00715375147,0.00619373843
0.09268,1,0,0.0856875049,-0.0110083554
0.09272,1,0,-0.0482622961,0.00574196419
0.09276,1,0,-0.014568656,-0.00244118745
0.0928,0,0,-0.0157573917,-0.0196437958
0.09284,0,0,0.0643262037,0.00404334291
0.09288,0,0,0.0733111188,-0.00136130547
0.09292,0,0,-0.068012305,0.00244003999
0.09296,1,0,-0.0447077051,0.0101123636
0.093,1,0,-0.0427567566,0.0226325655
0.09304,1,0,-0.0333183002,-0.00243453286
0.09308,1,0,-0.00624440135,-0.011214862
0.09312,0,0,-0.0129556142,0.00424619018
0.09316,0,0,0.0410185844,0.00978208212
0.0932,0,0,0.0312617523,0.00277423959
0.09324,0,0,0.0289450137,-0.0010348467
0.09328,1,0,-0.0177275676,0.0143235208
0.09332,1,0,0.074436785,0.0105421226
0.09336,1,0,-0.0060618635,-0.00603304039
0.0934,1,0,-0.0543147855,0.00983080166
0.09344,0,0,0.0609244419,0.00576087373
0.09348,0,0,-0.0156791736,-0.0031966798
0.09352,0,0,0.0695081712,0.00782100922
0.09356,0,0,-0.0888338764,0.00104028841
0.0936,0,0,-0.0084101451,0.00352083079
0.09364,1,0,0.0290005423,-0.00381357334
0.09368,1,0,-0.0477162475,0.00664558231
0.09372,1,0,0.0348191904,0.00659049638
0.09376,1,0,0.048067739,0.00248665722
0.0938,0,0,-0.0628842155,0.00501694545
0.09384,0,0,-0.0125105944,0.00840051701
0.09388,0,0,-0.033570594,0.015509441
0.09392,0,0,-0.0329556015,0.00479721769
0.09396,1,0,0.0139941624,-0.0236393944
0.094,1,0,-0.0611168206,0.00451152445
0.09404,1,0,-0.0588377568,-0.00697930013
0.09408,1,0,-0.0389451114,-0.00105969024
0.09412,0,0,-0.00170548543,0.0146612393
0.09416,0,0,-0.011356013,0.00111412198
0.0942,0,0,-0.00989279006,0.00308278073
0.09424,0,0,0.0227414102,-0.0088358767
0.09428,1,0,-0.0242252382,0.00372968927
0.09432,1,0,-0.0253995747,0.0214820735
0.09436,1,0,0.0200585478,0.0106629887
0.0944,1,0,0.0650078385,-0.00676469471
0.09444,0,0,-0.0115132693,-0.00497082362
0.09448,0,0,0.0416327761,0.000860578179
0.09452,0,0,0.0600684922,-0.00892256948
0.09456,0,0,-0.0583751973,0.00742557202
0.0946,1,0,-0.0432383507,0.00106195845
0.09464,1,0,0.0233402043,0.00360278548
0.09468,1,0,0.00870667132,5.80811106e-05
0.09472,1,0,0.056582258,0.0114261733
0.09476,1,0,0.0499473599,0.000581608766
0.0948,0,0,0.00442664427,0.000610232129
0.09484,0,0,-0.0673453131,0.00392919732
0.09488,0,0,-0.00901429373,-0.00598709644
0.09492,0,0,-0.00972423873,0.00494661129
0.09496,1,0,-0.0627849132,-0.0064864055
0.095,1,0,-0.0420313488,-0.0168288546
0.09504,1,0,0.0283210685,0.00822701946
0.09508,1,0,-0.0648479131,-0.00130236583
0.09512,0,0,0.0136826428,0.000597239402
0.09516,0,0,-0.00229432323,0.0127199157
0.0952,0,0,0.104063817,-0.00950908504
0.09524,0,0,-0.0864670436,0.0262181953
0.09528,1,0,0.0124605813,-0.010452265
0.09532,1,0,-0.0626712316,-0.0147754274
0.09536,1,0,0.0160909409,-0.00115218672
0.0954,1,0,-0.00986544016,0.0052796538
0.09544,0,0,0.0181615803,-0.00289054012
0.09548,0,0,-0.064204551,0.0071174029
0.09552,0,0,0.00855209394,0.00719196119
0.09556,0,0,0.000584621005,-0.00551054585
0.0956,0,0,-0.0154976649,-0.00251960472
0.09564,1,0,-0.081226795,-0.00462853361
0.09568,1,0,-0.00456476211,-0.00160913264
0.09572,1,0,0.0207990617,0.00952460614
0.09576,1,0,-0.0618949834,0.0186532559
0.0958,0,0,0.0450607138,-0.00794767795
0.09584,0,0,0.0923751448,-0.00446059752
0.09588,0,0,0.0402077286,0.0110342773
0.09592,0,0,0.0230938887,0.00513812707
0.09596,1,0,0.0419912578,-0.00590058487
0.096,1,0,-0.0300736615,0.0186937794
0.09604,1,0,0.0372777278,0.0203040406
0.09608,1,0,-0.0333533261,0.0524032214
0.09612,0,0,0.0368574293,0.0612788321
0.09616,0,0,0.0551329538,0.113762284
0.0962,0,0,-0.00189167133,0.184425429
0.09624,0,0,-0.0564708351,0.259507051
0.09628,1,0,-0.0142590411,0.38946601
0.09632,1,0,0.00425599809,0.542328163
0.09636,1,0,-0.00515726653,0.689627311
0.0964,1,0,0.00294400999,0.845945003
0.09644,0,0,0.0845927694,0.964602911
0.09648,0,0,0.0760976782,1.01465479
0.09652,0,0,-0.0266216271,1.0321626
0.09656,0,0,-0.00846586817,0.967062399
0.0966,0,0,0.102019061,0.870288881
0.09664,1,0,-0.0244780215,0.755004529
0.09668,1,0,0.0050025716,0.605621744
0.09672,1,0,-0.110483515,0.489294585
0.09676,1,0,0.00939702361,0.39875168
0.0968,0,0,0.0437286267,0.311913278
0.09684,0,0,-0.102173451,0.283052866
0.09688,0,0,0.0882177188,0.259352104
0.09692,0,0,-0.0752654354,0.276038301
0.09696,1,0,0.031796233,0.302943788
0.097,1,0,0.0979796146,0.323191917
0.09704,1,0,0.0748916783,0.349426529
0.09708,1,0,0.100866141,0.389190703
0.09712,0,0,0.128921287,0.421361576
0.09716,0,0,0.0390544773,0.485856635
0.0972,0,0,0.16422891,0.50007192
0.09724,0,0,0.106768549,0.537438836
0.09728,0,0,0.121631853,0.552408338
0.09732,1,0,0.050302214,0.578665863
0.09736,1,0,0.144645599,0.584516954
0.0974,1,0,0.169671234,0.58721422
0.09744,1,0,0.186723568,0.599964103
0.09748,0,0,0.155049824,0.604693329
0.09752,0,0,0.123667415,0.583991579
0.09756,0,0,0.176719757,0.57409951
0.0976,0,0,0.123404468,0.564120363
0.09764,1,0,0.240495496,0.535020659
0.09768,1,0,0.162045723,0.505255067
0.09772,1,0,0.177005207,0.472910456
0.09776,1,0,0.188580159,0.432928751
0.0978,0,0,0.258090686,0.422207408
0.09784,0,0,0.130961531,0.364142854
0.09788,0,0,0.18852269,0.332437792
0.09792,0,0,0.171171855,0.294555744
0.09796,1,0,0.14002153,0.288664365
0.098,1,0,0.211656476,0.236376257
0.09804,1,0,0.197705838,0.203203442
0.09808,1,0,0.204892103,0.188342181
0.09812,1,0,0.283630424,0.14005067
0.09816,0,0,0.169785894,0.117198715
0.0982,0,0,0.196186879,0.134737012
0.09824,0,0,0.222852798,0.0678576363
0.09828,0,0,0.286532067,0.0848237335
0.09832,1,0,0.111002314,0.0531957331
0.09836,1,0,0.234420372,0.0413184638
0.0984,1,0,0.261091742,0.0414561728
0.09844,1,0,0.192443866,0.0323316774
0.09848,0,0,0.263805834,0.0202634016
0.09852,0,0,0.177948706,0.0309162361
0.09856,0,0,0.145372285,0.00777908943
0.0986,0,0,0.245588046,0.00329871125
0.09864,1,0,0.132394694,0.00324061402
0.09868,1,0,0.17636122,-0.0142331871
0.09872,1,0,0.149308564,0.0178447245
0.09876,1,0,0.213298342,-0.00500042116
0.0988,0,0,0.133037161,0.00812378652
0.09884,0,0,0.152063541,-0.00575257488
0.09888,0,0,0.117600825,0.0104146355
0.09892,0,0,0.150599415,0.00596620009
0.09896,0,0,0.215007492,-0.014983542
0.099,1,0,0.11351738,0.00237133607
0.09904,1,0,0.22647554,-0.0225788845
0.09908,1,0,0.166992203,0.0219521327
0.09912,1,0,0.104554734,-0.00595288387
0.09916,0,0,0.0669625722,-0.00435412888
0.0992,0,0,0.223700736,-0.00680282586
0.09924,0,0,0.119744211,-0.000975648372
0.09928,0,0,0.0326408068,-0.00699538794
0.09932,0,0,0.040984842,0.00928977238
0.09936,0,0,0.120785626,-0.00301276301
0.0994,0,0,0.118244292,0.00808384892
0.09944,0,0,0.0653458519,0.00414965586
0.09948,0,0,0.0336441389,0.0144396387
0.09952,0,0,0.0902688394,0.0111461345
0.09956,0,0,0.122885895,-0.00273179803
0.0996,0,0,0.151475871,0.00896919391
0.09964,0,0,0.13671418,-0.00913661602
0.09968,0,0,-0.0622107984,-0.00405597661
0.09972,0,0,0.0517359836,-0.00948601228
0.09976,0,0,0.0500119481,-0.00239080136
0.0998,0,0,0.0512869893,0.0224406305
0.09984,0,0,0.0269396278,0.00540505185
0.09988,0,0,-0.0172051998,-0.00288621627
0.09992,0,0,-0.0879248353,0.00061985308
0.09996,0,0,0.0212633215,-0.000371025721
0.1,1,0,-0.0102222591,-0.0124088935
0.10004,1,0,-0.0249049127,0.0267256994
0.10008,1,0,-0.0158843209,-0.00363563075
0.10012,1,0,-0.0526015502,-0.00358393929
0.10016,0,0,0.0237009684,0.0180519904
0.1002,0,0,-0.0510958264,0.018771186
0.10024,0,0,0.0611322572,-0.00122296563
0.10028,0,0,-0.0620217945,0.00122404907
0.10032,1,0,0.0153504272,0.0108917537
0.10036,1,0,-0.0440579061,0.00180668111
0.1004,1,0,-0.0194242182,0.00494019379
0.10044,1,0,0.0506447693,0.00795316523
0.10048,0,0,-0.0113095854,0.00540131384
0.10052,0,0,0.0658425909,0.00648961127
0.10056,0,0,0.0304202096,-0.0150795471
0.1006,0,0,0.0426053323,0.0243431947
0.10064,1,0,-0.0427942105,-0.00133002666
0.10068,1,0,0.072908813,-0.000296367149
0.10072,1,0,-0.0782340598,0.0104135088
0.10076,1,0,-0.00186298522,-0.0108069591
0.1008,0,0,0.071395356,-0.0214408429
0.10084,0,0,-0.0043463433,-0.0178597792
0.10088,0,0,0.0555135818,-0.00222682739
0.10092,0,0,0.0553578311,0.00824859762
0.10096,0,0,-0.0942740183,0.0139425585
0.101,1,0,0.0690315849,0.00806831287
0.10104,1,0,0.0293675993,0.00437503462
0.10108,1,0,-0.0078175641,0.0172771163
0.10112,1,0,0.0210993374,0.000503155425
0.10116,0,0,-0.0798189808,0.00726375249
0.1012,0,0,0.021382736,-0.00545522601
0.10124,0,0,0.0105762597,0.00944217185
0.10128,0,0,-0.0310874531,-0.0150886957
0.10132,1,0,-0.0786836166,-0.0198227583
0.10136,1,0,0.0402331147,-0.00955849117
0.1014,1,0,0.00443434121,-0.0102997882
0.10144,1,0,-0.0934904312,-0.0174700462
0.10148,0,0,-0.0344695528,0.0206564011
0.10152,0,0,0.0127290483,-0.000133261284
0.10156,0,0,-0.0844376292,-0.00683457313
0.1016,0,0,0.0211566984,-0.0169271881
0.10164,1,0,-0.0563705323,0.000444228788
0.10168,1,0,0.257912194,-0.00320853133
0.10172,1,0,-0.106286676,-0.00785867978
0.10176,1,0,-0.122145739,-0.0307991746
0.1018,0,0,0.218839542,-0.00138452866
0.10184,0,0,-0.091797752,0.00166856945
0.10188,0,0,-0.057139117,-0.0047340484
0.10192,0,0,0.0915390446,-0.0127662203
0.10196,1,0,-0.0414603093,0.0107156382
0.102,1,0,-0.0930659625,-0.0144760546
0.10204,1,0,0.051249504,-0.0052994483
0.10208,1,0,0.0406337272,0.0106586391
0.10212,0,0,-0.151345287,0.00363768591
0.10216,0,0,0.138869152,-0.0026553889
0.1022,0,0,0.0427900551,-0.0034013735
0.10224,0,0,-0.0707176312,0.000256922182
0.10228,0,0,0.0375558389,0.00138502317
0.10232,1,0,-0.0110415456,0.00488581528
0.10236,1,0,-0.128021237,-0.00580618994
0.1024,1,0,0.0410060513,-0.018426141
0.10244,1,0,-0.0098372408,-0.00992155891
0.10248,0,0,-0.0997889306,0.0120864396
0.10252,0,0,0.0296862045,0.00110458534
0.10256,0,0,0.0103701022,0.0174059457
0.1026,0,0,0.00448221531,0.000697660031
0.10264,1,0,-0.00686281258,0.00606719591
0.10268,1,0,-0.0102219487,0.00314931062
0.10272,1,0,0.0414817378,0.00953282999
0.10276,1,0,-0.00775206386,-0.0130950047
0.1028,0,0,0.102275019,-0.000345414217
0.10284,0,0,0.0291457554,-0.0103038881
0.10288,0,0,0.0386843673,-0.00474732024
0.10292,0,0,-0.0191821331,0.00104593432
0.10296,1,0,-0.0334127893,0.00241105668
0.103,1,0,-0.0555740043,-0.00308737937
0.10304,1,0,0.0656455743,0.000960136268
0.10308,1,0,-0.00494668738,-0.00489833571
0.10312,0,0,0.00881127214,-0.000230600475
0.10316,0,0,-0.00591376769,0.0109941205
0.1032,0,0,0.00226474561,-0.0127697787
0.10324,0,0,-0.0543293305,-0.00515107515
0.10328,1,0,0.063729359,-0.0234233495
0.10332,1,0,0.0043155119,0.0198081966
0.10336,1,0,0.0434653123,-0.00456018547
0.1034,1,0,0.037627448,0.0116005195
0.10344,1,0,0.00536169301,0.00125070291
0.10348,0,0,0.0101386387,0.00886344393
0.10352,0,0,0.0210218191,0.0124890009
0.10356,0,0,-0.0448159153,-0.0028984396
0.1036,0,0,-0.100108395,0.00246757758
0.10364,1,0,-0.00578570236,0.00500109061
0.10368,1,0,-0.0468195113,-0.0165000225
0.10372,1,0,-0.041146939,-0.0035834666
0.10376,1,0,0.120412801,-0.0122089679
0.1038,0,0,-0.0584629354,0.00751402775
0.10384,0,0,0.0423195648,-0.00328617194
0.10388,0,0,0.0877730921,0.00703097117
0.10392,0,0,-0.0376876669,-0.00617267245
0.10396,1,0,-0.0641631245,-0.000499253909
0.104,1,0,-0.0963898298,-0.00816379367
0.10404,1,0,0.00748497451,-0.0027524159
0.10408,1,0,0.00538575902,-0.000638181653
0.10412,0,0,-0.0620655414,-0.0122574211
0.10416,0,0,0.0020220459,0.0167947625
0.1042,0,0,0.0173109705,0.0145741446
0.10424,0,0,0.111762378,-0.00139360387
0.10428,1,0,-0.0388224679,5.30615312e-05
0.10432,1,0,0.0361037374,0.00827253893
0.10436,1,0,-0.00290599736,-0.00698985126
0.1044,1,0,-0.00528580387,-0.0174143355
0.10444,0,0,-0.0421319354,0.000934830877
0.10448,0,0,-0.0763865072,-0.00322624835
0.10452,0,0,0.0157753401,-0.00374377302
0.10456,0,0,0.0566363433,-0.00225632886
0.1046,0,0,-0.0447670065,-0.0198007618
0.10464,1,0,-0.0632635253,-0.00878473024
0.10468,1,0,0.0310472875,0.0165706011
0.10472,1,0,-0.0414361957,-0.00244031153
0.10476,1,0,0.0687524935,-0.00107384821
0.1048,0,0,-0.0127056658,-0.0113912072
0.10484,0,0,-0.0155025868,0.00655034478
0.10488,0,0,0.0158067814,0.0127354369
0.10492,0,0,0.0512480693,-0.00712458633
0.10496,1,0,-0.0646407041,0.00308633486
0.105,1,0,0.0375629232,-0.00888363392
0.10504,1,0,0.0753081622,0.00356483068
0.10508,1,0,0.0510180135,0.000151910193
0.10512,0,0,0.0157137634,-0.0083940194
0.10516,0,0,0.00659964067,-0.00661508601
0.1052,0,0,0.00828061084,-0.00448065794
0.10524,0,0,0.0741808341,-0.00788683748
0.10528,1,0,0.0448133969,0.00317551105
0.10532,1,0,-0.074585513,-0.0128109314
0.10536,1,0,0.0346153211,-0.0172415525
0.1054,1,0,-0.0116514151,0.0039957066
0.10544,0,0,0.0780859036,0.000152239706
0.10548,0,0,-0.057872007,-0.00326980883
0.10552,0,0,-0.0216612302,0.0100806028
0.10556,0,0,0.0322443444,0.00491102653
0.1056,0,0,0.0468842571,-0.00184424201
0.10564,1,0,0.0417705758,-0.0111257732
0.10568,1,0,-0.041945437,0.00439136256
0.10572,1,0,0.0305489504,0.00539051259
0.10576,1,0,0.00186065606,0.0137921388
0.1058,0,0,-0.0456998574,-0.0166960013
0.10584,0,0,-0.0656246245,0.00644207429
0.10588,0,0,-0.0442688642,-0.00899154826
0.10592,0,0,0.0168144666,-0.0025087152
0.10596,1,0,-0.0158527617,0.0055926323
0.106,1,0,0.0999452577,-0.00862592865
0.10604,1,0,-0.0564853953,0.0161999135
0.10608,1,0,0.0060692223,0.0375254936
0.10612,0,0,0.0334947433,0.0617889745
0.10616,0,0,0.0474835513,0.104164381
0.1062,0,0,-0.00444933181,0.178177581
0.10624,0,0,-0.0561264082,0.286595985
0.10628,1,0,-0.0789777898,0.381847034
0.10632,1,0,0.0354041172,0.573392579
0.10636,1,0,-0.0568055659,0.681236589
0.1064,1,0,0.0904731001,0.856306822
0.10644,0,0,-0.047008777,0.972781402
0.10648,0,0,0.00243135735,1.04396609
0.10652,0,0,-0.00509473084,1.01743968
0.10656,0,0,-0.0352604901,0.963801766
0.1066,0,0,0.0236363798,0.854029899
0.10664,1,0,-0.00374097522,0.734706102
0.10668,1,0,0.0513687604,0.591177966
0.10672,1,0,0.0990585905,0.467846878
0.10676,1,0,0.0677388598,0.377030738
0.1068,0,0,0.0567655925,0.310999756
0.10684,0,0,0.152641367,0.293918202
0.10688,0,0,0.0887363954,0.243333463
0.10692,0,0,0.0199783709,0.272482608
0.10696,1,0,-0.0440500967,0.289214898
0.107,1,0,0.0695760178,0.322119095
0.10704,1,0,0.163149367,0.361124851
0.10708,1,0,0.121767546,0.399748548
0.10712,0,0,0.136092129,0.428762105
0.10716,0,0,0.04949918,0.457333989
0.1072,0,0,0.0942967011,0.483373665
0.10724,0,0,-0.00205290926,0.525622397
0.10728,0,0,0.0825472956,0.554633835
0.10732,1,0,0.0808067356,0.576574613
0.10736,1,0,0.0917728586,0.59527601
0.1074,1,0,0.0276870113,0.598778596
0.10744,1,0,0.175560353,0.602643281
0.10748,0,0,0.198740039,0.599425612
0.10752,0,0,0.151388693,0.579650907
0.10756,0,0,0.125621069,0.590159531
0.1076,0,0,0.504521294,0.542941133
0.10764,1,0,-0.247675892,0.636943137
0.10768,1,0,0.0761766177,0.478977574
0.10772,1,0,0.252879448,0.370102836
0.10776,1,0,0.567721028,0.472602812
0.1078,0,0,-0.24451931,0.49685596
0.10784,0,0,-0.0245385367,0.318136061
0.10788,0,0,0.544821215,0.270185033
0.10792,0,0,0.183771697,0.348676351
0.10796,1,0,0.0860656596,0.33872205
0.108,1,0,0.0302970195,0.178957614
0.10804,1,0,0.684175201,0.12865447
0.10808,1,0,0.142195301,0.242018524
0.10812,1,0,-0.0359143285,0.221263473
0.10816,0,0,0.230374621,0.0370736313
0.1082,0,0,0.288293433,0.043826201
0.10824,0,0,0.292322212,0.154633037
0.10828,0,0,-0.130021001,0.116164299
0.10832,1,0,0.229798925,-0.0448655529
0.10836,1,0,0.349958262,0.0211218049
0.1084,1,0,0.069313418,0.131230483
0.10844,1,0,0.0984968555,0.0519956648
0.10848,0,0,0.240143864,-0.0627453946
0.10852,0,0,0.362444048,0.0115593453
0.10856,0,0,0.0562163178,0.113044823
0.1086,0,0,0.021154063,0.00561196322
0.10864,1,0,0.349738706,-0.0817592833
0.10868,1,0,0.259446559,0.0188654241
0.10872,1,0,0.0210361946,0.0918138505
0.10876,1,0,0.0196324859,-0.0285442624
0.1088,0,0,0.309731059,-0.0985852257
0.10884,0,0,0.202158956,0.0261357824
0.10888,0,0,0.0682197935,0.0734464765
0.10892,0,0,0.150512931,-0.0330462245
0.10896,0,0,0.260481175,-0.0830861565
0.109,1,0,0.190568154,0.0547637954
0.10904,1,0,0.038980247,0.0806340563
0.10908,1,0,0.101743674,-0.0804524475
0.10912,1,0,0.191731463,-0.0584203677
0.10916,0,0,-0.00524333488,0.0730565916
0.1092,0,0,0.141286259,0.0689280201
0.10924,0,0,0.124530733,-0.0909523804
0.10928,0,0,0.277745805,-0.0423354568
0.10932,1,0,0.0490407148,0.0918929556
0.10936,1,0,0.0753904724,0.0332646218
0.1094,1,0,0.146240288,-0.0921040523
0.10944,1,0,0.0659186213,-0.024430059
0.10948,0,0,0.0188412966,0.0991179171
0.10952,0,0,0.029424619,0.0185229014
0.10956,0,0,0.0933920392,-0.0828863034
0.1096,0,0,0.140351222,-0.0161614141
0.10964,1,0,0.0619847905,0.113617933
0.10968,1,0,-0.0118290803,-0.0180996516
0.10972,1,0,0.0546473932,-0.0882321048
0.10976,1,0,0.118629401,0.0203754955
0.1098,0,0,-0.118608299,0.0945344063
0.10984,0,0,-0.035168365,-0.0277914553
0.10988,0,0,0.00824580117,-0.0904443809
0.10992,0,0,0.0443937648,0.0497301803
0.10996,0,0,0.0252695009,0.106418139
0.11,1,0,0.0160547569,-0.052430701
0.11004,1,0,-0.0340412723,-0.0548006414
0.11008,1,0,0.0403944823,0.0703487606
0.11012,1,0,-0.0824244607,0.0724425767
0.11016,0,0,0.0279406685,-0.0717907679
0.1102,0,0,0.00498187558,-0.0557477854
0.11024,0,0,-0.0148340392,0.0832816157
0.11028,0,0,0.101305989,0.0402476152
0.11032,1,0,-0.0411693103,-0.0951276239
0.11036,1,0,0.0138503762,-0.0350208632
0.1104,1,0,-0.043580292,0.091852138
0.11044,1,0,0.0713119095,0.030505738
0.11048,0,0,-0.0321055522,-0.0906572924
0.11052,0,0,0.0810726193,-0.0246786845
0.11056,0,0,0.011614975,0.105772617
0.1106,0,0,0.0386239439,-0.0194136633
0.11064,1,0,0.0278699509,-0.0918532437
0.11068,1,0,-0.0236087547,0.0217052338
0.11072,1,0,-0.0173940762,0.103505651
0.11076,1,0,-0.0114697715,-0.0279505398
0.1108,0,0,0.0462604655,-0.0777056545
0.11084,0,0,-0.0499754939,0.0187164447
0.11088,0,0,-0.0105737386,0.0966007877
0.11092,0,0,-0.0728961907,-0.0522014742
0.11096,0,0,0.0391350726,-0.0917052004
0.111,1,0,0.0412250816,0.06056396
0.11104,1,0,-0.00658584371,0.0814930847
0.11108,1,0,-0.0563510534,-0.0616826363
0.11112,1,0,0.0644484507,-0.0918534474
0.11116,0,0,0.0328380833,0.0818150417
0.1112,0,0,0.0839225989,0.0785788356
0.11124,0,0,-0.0287006744,-0.0847768602
0.11128,0,0,0.0470159449,-0.0399757669
0.11132,1,0,0.0684301462,0.087811385
0.11136,1,0,0.0401244376,0.0465965852
0.1114,1,0,0.0273413028,-0.0956525596
0.11144,1,0,0.072683545,-0.0118258376
0.11148,0,0,0.0615902266,0.0884581563
0.11152,0,0,-0.031242923,-0.00096983699
0.11156,0,0,-0.0539489511,-0.110341086
0.1116,0,0,-0.0714519949,-0.0056342557
0.11164,1,0,-0.000626529716,0.0258723339
0.11168,1,0,0.211405603,0.00597418432
0.11172,1,0,-0.15528765,0.00352569206
0.11176,1,0,0.0229233866,0.0177815446
0.1118,0,0,0.197494738,-0.00160503168
0.11184,0,0,-0.177189094,-0.00777297462
0.11188,0,0,-0.0882845394,0.00368479268
0.11192,0,0,0.182750624,0.0104505371
0.11196,1,0,-0.0376577712,0.00418735933
0.112,1,0,-0.0931004473,-0.0185266854
0.11204,1,0,0.161088544,-0.010821657
0.11208,1,0,-0.058848093,-0.00222992366
0.11212,0,0,-0.16595408,-0.0102770924
0.11216,0,0,0.165515323,-0.00125153505
0.1122,0,0,0.0804727552,-0.00998206171
0.11224,0,0,-0.0931335118,0.0218879756
0.11228,0,0,0.0494187978,-0.00675123484
0.11232,1,0,0.029575925,-0.00721792318
0.11236,1,0,0.0276471064,0.0127085021
0.1124,1,0,0.0621281226,-0.0109460668
0.11244,1,0,0.00170654885,-0.0151655345
0.11248,0,0,-0.0391036961,0.00212523275
0.11252,0,0,-0.00196036425,-0.0173455844
0.11256,0,0,0.0485801916,0.00309800029
0.1126,0,0,-0.0474727802,0.00862487142
0.11264,1,0,0.102454087,-0.0202580573
0.11268,1,0,-0.0280745053,0.0188106899
0.11272,1,0,-0.0324695743,0.00416277854
0.11276,1,0,0.00776752907,0.00323755682
0.1128,0,0,0.00420976877,-0.0184855679
0.11284,0,0,-0.0675266455,0.002240089
0.11288,0,0,0.0368398033,-0.00752461764
0.11292,0,0,-0.0577554777,-0.0083176393
0.11296,1,0,-0.0477786789,-0.0189301689
0.113,1,0,0.00425964,0.00151695531
0.11304,1,0,0.0424498482,-0.00737731939
0.11308,1,0,-0.0446516457,0.0115524085
0.11312,0,0,0.0668462793,-0.0110018496
0.11316,0,0,0.0296827753,-0.0012148703
0.1132,0,0,-0.0161424956,0.00542302074
0.11324,0,0,0.000355697087,-0.0063976619
0.11328,1,0,-0.0141425856,0.00302558712
0.11332,1,0,0.0895491456,0.00473036584
0.11336,1,0,0.0213041392,-0.00823775388
0.1134,1,0,0.0876366576,-0.00361826058
0.11344,1,0,-0.0982909395,0.011620221
0.11348,0,0,-0.00288030006,-0.00152950456
0.11352,0,0,0.00802476419,0.00432970375
0.11356,0,0,0.081695023,-0.0221823196
0.1136,0,0,-0.0557596413,0.0024022539
0.11364,1,0,0.0774645896,-0.00620290725
0.11368,1,0,-0.0214644114,0.0210750709
0.11372,1,0,-0.0213564362,0.0273238359
0.11376,1,0,0.104961174,-0.010006735
0.1138,0,0,0.0306413404,-0.0124749449
0.11384,0,0,-0.023332879,-0.00191337776
0.11388,0,0,0.0346351715,0.0272534052
0.11392,0,0,0.039957505,0.00203962033
0.11396,1,0,0.022027032,0.00511072304
0.114,1,0,-0.0337260843,0.00394823968
0.11404,1,0,0.0525690867,0.0127347758
0.11408,1,0,0.0336726836,0.00313114596
0.11412,0,0,0.00356631471,-0.00232950083
0.11416,0,0,0.109107437,0.0052013439
0.1142,0,0,-0.0370504521,-0.00998997325
0.11424,0,0,0.0148522369,-0.00473539173
0.11428,1,0,0.0701291942,0.000436103598
0.11432,1,0,0.0763371689,0.00412132112
0.11436,1,0,0.0246337547,0.00110372412
0.1144,1,0,-0.0192853784,-0.000956541874
0.11444,0,0,-0.0326046849,0.0144288416
0.11448,0,0,-0.0539582965,-0.000403186202
0.11452,0,0,-0.00839190291,0.0109112019
0.11456,0,0,-0.0464259723,-0.0124954717
0.1146,0,0,0.059725003,0.0149593854
0.11464,1,0,-0.0100271721,-0.00312797425
0.11468,1,0,0.0489627384,0.00244976744
0.11472,1,0,0.0421084527,0.0227199688
0.11476,1,0,-0.0048433156,0.00729293386
0.1148,0,0,-0.00425416889,0.0100077736
0.11484,0,0,-0.0372570204,-0.00225017736
0.11488,0,0,-0.0103485621,-0.000901463762
0.11492,0,0,-0.0046781144,-0.0115253355
0.11496,1,0,-0.0514352366,-0.0146429654
0.115,1,0,0.03457308,-0.00706862137
0.11504,1,0,-0.0370796379,0.0151128156
0.11508,1,0,-0.0161918671,-0.00607901516
0.11512,0,0,-0.0957658369,-0.015780507
0.11516,0,0,0.0352233929,-0.0152843412
0.1152,0,0,0.103415985,0.00591722977
0.11524,0,0,0.108941015,-0.0199377652
0.11528,1,0,-0.0607249401,-0.0133301901
0.11532,1,0,0.0241583561,0.00773009324
0.11536,1,0,-0.0158777159,0.0182479138
0.1154,1,0,0.0580289878,0.00831384383
0.11544,0,0,-0.0393486676,0.00498089365
0.11548,0,0,-0.017994065,0.013728524
0.11552,0,0,-0.0182482931,-0.018370471
0.11556,0,0,0.0556987862,-0.00860853242
0.1156,0,0,0.0692236771,-0.00245657808
0.11564,1,0,-0.0587462261,-0.0106597512
0.11568,1,0,0.00183785089,0.0197680992
0.11572,1,0,-0.00946822373,-0.0135460536
0.11576,1,0,-0.00739749313,0.00936773654
0.1158,0,0,-0.119273997,-0.0147326752
0.11584,0,0,0.0804640325,0.0100778175
0.11588,0,0,-0.109417716,0.0184088463
0.11592,0,0,-0.0790951563,0.00550933367
0.11596,1,0,-0.0236158365,0.0169838037
0.116,1,0,0.0148675326,0.0040089258
0.11604,1,0,0.0398852844,0.0117869244
0.11608,1,0,0.0504134839,0.0301173754
0.11612,0,0,-0.0344117379,0.0676067277
0.11616,0,0,0.00477174328,0.0978261926
0.1162,0,0,-0.053210127,0.159435162
0.11624,0,0,0.0381462004,0.287970376
0.11628,1,0,0.0119496696,0.404586336
0.11632,1,0,-0.0969901202,0.54152441
0.11636,1,0,-0.0215834783,0.689902285
0.1164,1,0,0.0147648557,0.847525846
0.11644,1,0,0.0515282647,0.978357282
0.11648,0,0,0.0305753207,1.02559778
0.11652,0,0,0.0289863966,1.03139514
0.11656,0,0,0.0348720976,0.975913263
0.1166,0,0,-0.0558815257,0.865918238
0.11664,1,0,0.0413249985,0.750481772
0.11668,1,0,-0.0477902057,0.585919424
0.11672,1,0,0.0767125483,0.4674361
0.11676,1,0,0.0859628207,0.392442502
0.1168,0,0,0.0281889813,0.293373409
0.11684,0,0,0.0341371784,0.284659391
0.11688,0,0,0.103949515,0.2725624
0.11692,0,0,0.0207983597,0.281204567
0.11696,1,0,0.102615367,0.271880507
0.117,1,0,0.0490351459,0.347872778
0.11704,1,0,-0.0278742718,0.369183219
0.11708,1,0,0.0348419432,0.394062166
0.11712,0,0,0.0877111206,0.408901619
0.11716,0,0,0.119889838,0.457699006
0.1172,0,0,0.0606559561,0.502971573
0.11724,0,0,0.0571321802,0.514120837
0.11728,0,0,0.115445476,0.550969218
0.11732,1,0,0.112427781,0.559952009
0.11736,1,0,0.0859351594,0.586858386
0.1174,1,0,0.191794946,0.590969543
0.11744,1,0,0.119644656,0.614820988
0.11748,0,0,0.0952028778,0.583882789
0.11752,0,0,0.117731538,0.564004461
0.11756,0,0,0.14818743,0.580143239
0.1176,0,0,0.124725975,0.58100721
0.11764,1,0,0.126271011,0.547150337
0.11768,1,0,0.152625095,0.487882978
0.11772,1,0,0.219771428,0.471162175
0.11776,1,0,0.125626741,0.462229156
0.1178,0,0,0.157684254,0.400281782
0.11784,0,0,0.141593539,0.384570059
0.11788,0,0,0.142107297,0.330784343
0.11792,0,0,0.748912274,0.293014335
0.11796,1,0,0.820255021,0.372447881
0.118,1,0,0.500228323,0.204687863
0.11804,1,0,-1.14542381,0.102482072
0.11808,1,0,0.305886053,0.201658891
0.11812,1,0,1.514425,0.232058229
0.11816,0,0,-0.593335922,0.0740094295
0.1182,0,0,-0.197903571,0.0027425753
0.11824,0,0,0.220802645,0.132490522
0.11828,0,0,1.12109862,0.154780483
0.11832,1,0,-0.190592282,-0.00274721868
0.11836,1,0,-0.647204269,-0.0294289117
0.1184,1,0,0.969523749,0.110225034
0.11844,1,0,0.402825485,0.0970393102
0.11848,0,0,-0.00240790033,-0.0491816552
0.11852,0,0,-0.408473506,-0.0284067512
0.11856,0,0,0.730741511,0.0934366254
0.1186,0,0,0.522973785,0.0399546031
0.11864,1,0,-0.538150394,-0.0915510231
0.11868,1,0,0.282971354,-0.0442999722
0.11872,1,0,0.450040837,0.101757661
0.11876,1,0,0.482714663,0.0305330947
0.1188,0,0,-0.241784928,-0.0881266664
0.11884,0,0,-0.00447674819,-0.012625768
0.11888,0,0,0.635207866,0.100707879
0.11892,0,0,-0.0631851565,-0.0043458641
0.11896,0,0,0.0397955556,-0.0941421416
0.119,1,0,-0.071029568,0.00402365799
0.11904,1,0,0.638361664,0.0900480252
0.11908,1,0,0.0958304987,-0.0261932159
0.11912,1,0,-0.398691231,-0.101584654
0.11916,0,0,0.352851649,0.0328712023
0.1192,0,0,0.272551149,0.0789489767
0.11924,0,0,0.102393842,-0.0358733112
0.11928,0,0,-0.0992936843,-0.0971083086
0.11932,0,0,0.214030357,0.0418746083
0.11936,0,0,0.359680193,0.0873441794
0.1194,0,0,-0.0426377861,-0.0639892621
0.11944,0,0,0.0176416521,-0.0624461475
0.11948,0,0,0.10351417,0.0698907
0.11952,0,0,0.249702616,0.0729960811
0.11956,0,0,-0.0113579684,-0.0814331405
0.1196,0,0,-0.0312006046,-0.0408939936
0.11964,0,0,0.198927206,0.0872523881
0.11968,0,0,0.0391075692,0.0403085025
0.11972,0,0,0.0343545101,-0.106957
0.11976,0,0,-0.0613278349,-0.0343176236
0.1198,0,0,0.174388807,0.0960138082
0.11984,0,0,-0.00700022265,0.0233060396
0.11988,0,0,-0.197201678,-0.0855061234
0.11992,0,0,-0.0114207573,-0.00862057467
0.11996,0,0,0.10656138,0.085012102
0.12,1,1,0.0917293204,-0.0116506096
0.12004,1,1,-0.13218408,-0.0884737625
0.12008,1,1,-0.0407032606,0.0271768304
0.12012,1,1,0.0102089118,0.112072788
0.12016,0,1,-0.0928800863,-0.0291361192
0.1202,0,1,0.079457813,-0.0976632033
0.12024,0,1,0.0320154776,0.0527741281
0.12028,0,1,-0.00573485193,0.0901120747
0.12032,1,1,-0.0202367461,-0.0563512908
0.12036,1,1,-0.0875898868,-0.0759069592
0.1204,1,1,0.109565264,0.0721184687
0.12044,1,1,-0.0041305371,0.0547028222
0.12048,0,1,-0.101185735,-0.0898232988
0.12052,0,1,-0.00129370907,-0.0559917979
0.12056,0,1,0.0990724774,0.0754489991
0.1206,0,1,0.0647139519,0.0753395834
0.12064,1,1,-0.17298031,-0.0780909378
0.12068,1,1,-0.0665654685,-0.0306621987
0.12072,1,1,0.0749051456,0.106904045
0.12076,1,1,0.0618742829,0.0171769536
0.1208,0,1,-0.0160280664,-0.0876377551
0.12084,0,1,-0.0471547638,-0.011164
0.12088,0,1,0.00637588054,0.087829794
0.12092,0,1,-0.0194383635,0.00627462356
0.12096,0,1,-0.0588832188,-0.100420027
0.121,1,1,0.0505062229,0.0107396566
0.12104,1,1,-0.0147762977,0.10771668
0.12108,1,1,-0.0252055345,-0.0280855415
0.12112,1,1,-0.119503959,-0.0995150472
0.12116,0,1,0.0961477567,0.0209952205
0.1212,0,1,0.0233586952,0.0788383448
0.12124,0,1,0.143355231,-0.0426172108
0.12128,0,1,-0.0422514369,-0.0755232036
0.12132,1,1,-0.0071506068,0.0603790788
0.12136,1,1,-0.0190039292,0.0738784652
0.1214,1,1,-0.00331920723,-0.0765515901
0.12144,1,1,-0.0135825942,-0.0635781994
0.12148,0,1,-0.0565271388,0.0706666213
0.12152,0,1,0.0175321806,0.0634209269
0.12156,0,1,0.015515656,-0.0846920769
0.1216,0,1,0.00192638593,-0.0400843183
0.12164,1,1,-0.0363619885,0.00241138056
0.12168,1,1,0.263525435,-0.00836909438
0.12172,1,1,-0.203346507,0.0148359405
0.12176,1,1,-0.0487957106,-0.0161218812
0.1218,0,1,0.147223746,0.00939203789
0.12184,0,1,-0.0955320455,-0.0050746953
0.12188,0,1,-0.153096981,-0.0175295495
0.12192,0,1,0.0490951314,0.0018628909
0.12196,1,1,-0.0769052005,0.00357923506
0.122,1,1,-0.00517957774,0.0104946627
0.12204,1,1,0.10486641,0.000436485693
0.12208,1,1,0.0583678081,-0.0058392003
0.12212,1,1,-0.090035367,0.000220668033
0.12216,0,1,0.00768115651,-0.00645058814
0.1222,0,1,-0.0539236637,0.015164749
0.12224,0,1,0.0111795862,0.00280500123
0.12228,0,1,0.134964073,0.0191020353
0.12232,1,1,0.0329449184,0.0181265793
0.12236,1,1,-0.0108772537,-0.00099165283
0.1224,1,1,-0.00821738486,-0.0153446206
0.12244,1,1,0.0581622361,-0.00439513809
0.12248,0,1,-0.0121216606,-0.00679606338
0.12252,0,1,-0.0615421533,-0.00309068809
0.12256,0,1,-0.0132645744,-0.0122598727
0.1226,0,1,-0.00835351736,0.0109674233
0.12264,1,1,-0.0486422747,0.0046312114
0.12268,1,1,0.0125936538,0.0234349959
0.12272,1,1,-0.0186795211,0.00626326294
0.12276,1,1,-0.00958302327,-0.00474160858
0.1228,0,1,0.00856834164,0.00531035928
0.12284,0,1,0.054279683,0.002252452
0.12288,0,1,-0.0238488634,-0.0116727018
0.12292,0,1,0.108458442,-0.016874653
0.12296,1,1,-0.019757325,0.0033902473
0.123,1,1,-0.0195220855,0.00325287545
0.12304,1,1,-0.0346163825,0.00211348989
0.12308,1,1,0.00780253345,0.00446656907
0.12312,0,1,0.0901775417,0.0133940789
0.12316,0,1,0.0308628998,0.015073011
0.1232,0,1,-0.0118002588,0.00807082535
0.12324,0,1,-0.0642892844,-0.0105578159
0.12328,1,1,-0.052682173,-0.000526072062
0.12332,1,1,0.0451985718,-0.0242227056
0.12336,1,1,-0.020962093,-0.00876353717
0.1234,1,1,0.0519827144,0.0116191992
0.12344,1,1,0.00186322559,0.00351102002
0.12348,0,1,0.0545817103,-0.00623794496
0.12352,0,1,0.0555445493,0.00611978986
0.12356,0,1,0.038732542,0.0073562479
0.1236,0,1,-0.0261879861,-0.00048911013
0.12364,1,1,0.0343001462,0.00609228509
0.12368,1,1,-0.0104402654,-0.0160208788
0.12372,1,1,-0.00431977866,-0.00976682727
0.12376,1,1,-0.0123301239,0.00267043576
0.1238,0,1,-0.0191503359,-0.00419520294
0.12384,0,1,-0.0128049224,0.00457118635
0.12388,0,1,0.0230151309,-0.001818192
0.12392,0,1,0.0616676046,-0.0144528096
0.12396,1,1,-0.0215869986,-0.00264530953
0.124,1,1,-0.0750017739,-0.013710049
0.12404,1,1,0.00466872638,-0.00461229611
0.12408,1,1,0.105165474,-0.00133407439
0.12412,0,1,-0.00571834933,0.00365660476
0.12416,0,1,-0.0522306064,0.000236787161
0.1242,0,1,-0.021612098,0.0241144076
0.12424,0,1,0.0827225106,0.0145510101
0.12428,1,1,-0.0474150139,0.0124567696
0.12432,1,1,-0.0919177275,-0.00722917476
0.12436,1,1,0.0784783443,-0.00226159476
0.1244,1,1,0.0469162717,0.00936205899
0.12444,0,1,-0.0716795992,-0.00106113577
0.12448,0,1,-0.0736949795,0.00545908214
0.12452,0,1,0.0135273472,-0.00237451027
0.12456,0,1,-0.0532815205,0.00401192703
0.1246,0,1,0.0173114819,-0.0224651057
0.12464,1,1,-0.00282077507,-3.77609468e-05
0.12468,1,1,0.0505169702,-0.0146256814
0.12472,1,1,-0.0866176014,0.000262945582
0.12476,1,1,0.00895853092,-0.000441395225
0.1248,0,1,-0.099157481,0.00198517907
0.12484,0,1,-0.0122538227,0.0138697583
0.12488,0,1,0.120607303,-0.00272705799
0.12492,0,1,-0.0405056619,-0.00781636684
0.12496,1,1,0.0352765581,0.00967331608
0.125,1,1,-0.0818898469,0.00719727971
0.12504,1,1,-0.00284969776,0.00915242497
0.12508,1,1,-0.0302905383,0.0157179564
0.12512,0,1,-0.0156818311,0.0172513393
0.12516,0,1,0.04731277,-0.00238946586
0.1252,0,1,-0.112208267,0.00301046801
0.12524,0,1,-0.0392273504,0.00978636989
0.12528,1,1,-0.0672048495,-0.0156207916
0.12532,1,1,-0.00117684204,-0.000182809765
0.12536,1,1,0.011414583,0.00794320708
0.1254,1,1,0.0171407184,0.006008171
0.12544,0,1,-0.0581575522,0.00133545374
0.12548,0,1,-0.057124341,0.0113129386
0.12552,0,1,-0.00936654033,0.00650588479
0.12556,0,1,-0.0751674561,-0.010784488
0.1256,0,1,-0.020518598,-0.0064984438
0.12564,1,1,0.0300611518,0.00843170284
0.12568,1,1,0.0631091235,-0.00925223605
0.12572,1,1,0.0866071842,0.00773945428
0.12576,1,1,-0.0783326301,-0.00481892809
0.1258,0,1,0.0529011532,-0.00566358779
0.12584,0,1,-0.100413961,0.00538737206
0.12588,0,1,-0.0214759837,0.00345890438
0.12592,0,1,-0.0330812947,-0.0086127888
0.12596,1,1,-0.119582027,0.00351801433
0.126,1,1,0.0145260205,0.0043196779
0.12604,1,1,0.0141940602,0.0261697879
0.12608,1,1,0.0329468087,0.0288934528
0.12612,0,1,-0.0177136919,0.051536744
0.12616,0,1,0.0294375448,0.108349551
0.1262,0,1,0.0227732603,0.179671859
0.12624,0,1,-0.0688663222,0.250800667
0.12628,1,1,0.0218641608,0.393301856
0.12632,1,1,0.0318980787,0.54697764
0.12636,1,1,-0.00209170331,0.69300683
0.1264,1,1,0.0395528098,0.855151571
0.12644,1,1,0.0528879414,0.960556532
0.12648,0,1,-0.0272751195,1.03834972
0.12652,0,1,0.011751705,1.03885215
0.12656,0,1,0.0866274427,0.960788317
0.1266,0,1,-0.00500304032,0.863327075
0.12664,1,1,0.0655919815,0.737441887
0.12668,1,1,0.0221396886,0.604383119
0.12672,1,1,-0.00709836546,0.49617263
0.12676,1,1,0.0192426557,0.371710773
0.1268,0,1,0.0470933324,0.333881179
0.12684,0,1,-0.0340367034,0.270313694
0.12688,0,1,0.0613687184,0.259647396
0.12692,0,1,0.0681745123,0.28639246
0.12696,1,1,0.0934592366,0.311349999
0.127,1,1,0.0853480571,0.310271204
0.12704,1,1,-0.00646491951,0.349046977
0.12708,1,1,0.0617797614,0.385572383
0.12712,0,1,0.17084434,0.401743731
0.12716,0,1,0.118430502,0.461435502
0.1272,0,1,0.0442241469,0.480284326
0.12724,0,1,0.0724966909,0.532584424
0.12728,0,1,0.14938598,0.533522956
0.12732,1,1,0.201570047,0.570188067
0.12736,1,1,0.163858324,0.593771055
0.1274,1,1,0.0559201917,0.597764641
0.12744,1,1,0.132076021,0.607257336
0.12748,0,1,0.209329182,0.598455058
0.12752,0,1,0.174671522,0.596593417
0.12756,0,1,0.116393925,0.585450093
0.1276,0,1,0.161885719,0.56520549
0.12764,1,1,0.253022237,0.545373907
0.12768,1,1,0.259416886,0.50752928
0.12772,1,1,0.109439578,0.47807906
0.12776,1,1,0.137459941,0.43906604
0.1278,0,1,0.19417865,0.415380325
0.12784,0,1,0.218571146,0.369586896
0.12788,0,1,0.171486462,0.33728272
0.12792,0,1,0.191848827,0.30736899
0.12796,1,1,0.291027872,0.275331986
0.128,1,1,0.135185777,0.240269694
0.12804,1,1,0.191901391,0.186742877
0.12808,1,1,0.161872307,0.167231673
0.12812,1,1,0.205425272,0.13948543
0.12816,0,1,0.204073533,0.130452795
0.1282,0,1,0.260679651,0.119973439
0.12824,0,1,0.238660644,0.0828402192
0.12828,0,1,0.265589079,0.0665350744
0.12832,1,1,0.177773456,0.0548599206
0.12836,1,1,0.27872889,0.0395696309
0.1284,1,1,0.23208661,0.0622308382
0.12844,1,1,0.120203387,0.0391450677
0.12848,0,1,0.161608711,0.018227473
0.12852,0,1,0.250495057,0.00706717973
0.12856,0,1,0.267165559,0.00636002028
0.1286,0,1,0.189554385,0.0027654217
0.12864,1,1,0.125492428,0.00502290317
0.12868,1,1,0.22943873,-0.00504797081
0.12872,1,1,0.150365159,0.00253407412
0.12876,1,1,0.227991986,0.0184421489
0.1288,0,1,0.236500253,-0.0112336104
0.12884,0,1,0.218506411,-0.00194536468
0.12888,0,1,0.225798136,-0.0112793887
0.12892,0,1,0.140498696,0.00879947165
0.12896,0,1,0.140436029,-0.00821325737
0.129,1,1,0.10433208,-0.016370092
0.12904,1,1,0.206905088,-0.0124520903
0.12908,1,1,0.164381481,-0.00157012351
0.12912,1,1,0.198846901,-6.10144594e-05
0.12916,0,1,0.168700667,-0.0219183806
0.1292,0,1,0.174603547,-0.00995593667
0.12924,0,1,0.118055838,0.0151701287
0.12928,0,1,0.0825111698,-0.00608450403
0.12932,1,1,0.186330691,0.0111427079
0.12936,1,1,-0.000940159462,0.000898959801
0.1294,1,1,0.141282584,-0.00251261701
0.12944,1,1,0.151177114,0.0137969416
0.12948,0,1,0.092193869,0.00462918167
0.12952,0,1,0.0534738416,0.00442703629
0.12956,0,1,-0.0366122945,0.0106315834
0.1296,0,1,0.0653821121,0.00426956048
0.12964,1,1,0.145732614,-0.00869611571
0.12968,1,1,0.0806340554,-0.0182055682
0.12972,1,1,0.0841541516,0.0123022421
0.12976,1,1,0.0596849048,0.0161467593
0.1298,0,1,-0.0349863281,0.00171926992
0.12984,0,1,0.125993006,0.0102784912
0.12988,0,1,0.06124833,-0.0136530811
0.12992,0,1,0.0283264077,-0.0102548852
0.12996,0,1,-0.0178380989,0.0050908386
0.13,1,0,-0.0147503806,-0.00846109164
0.13004,1,0,-0.04809884,0.00658850888
0.13008,1,0,0.079794597,-0.00565269478
0.13012,1,0,-0.0511485933,0.012230698
0.13016,0,0,-0.116173907,0.0155574674
0.1302,0,0,0.0151860543,0.00945072001
0.13024,0,0,0.0273677764,0.000519405433
0.13028,0,0,0.019478861,0.00210568597
0.13032,1,0,-0.0218350278,-0.00324588042
0.13036,1,0,-0.00805475942,-0.020886775
0.1304,1,0,-0.0558764731,0.0127752307
0.13044,1,0,-0.0262118251,-0.012941942
0.13048,0,0,-0.025556906,0.00546970542
0.13052,0,0,0.0588029813,-0.0151059288
0.13056,0,0,0.0354171234,-0.00112862386
0.1306,0,0,-0.0232916537,-0.00934368481
0.13064,1,0,0.00145351514,0.00685842783
0.13068,1,0,0.0101809275,0.0099392411
0.13072,1,0,-0.0844110718,0.0043909999
0.13076,1,0,-0.0413990132,0.00693797188
0.1308,0,0,0.0108503562,5.82810028e-05
0.13084,0,0,-0.0446620628,-0.00522492111
0.13088,0,0,-0.0566209912,-0.00318035096
0.13092,0,0,0.059462515,0.016387884
0.13096,0,0,-0.021062251,-0.00209763719
0.131,1,0,-0.0590888637,-0.00417040461
0.13104,1,0,-0.0213314265,-0.003625182
0.13108,1,0,-0.0327071607,0.00261802094
0.13112,1,0,-0.0396133175,-7.46550177e-06
0.13116,0,0,-0.00986057753,0.00598010027
0.1312,0,0,-0.0610403083,-0.00220898525
0.13124,0,0,0.0840044368,-0.0122690668
0.13128,0,0,0.00803876542,-0.00723699196
0.13132,1,0,-0.0256672014,-0.0110099437
0.13136,1,0,-0.0405302092,-0.00316377897
0.1314,1,0,-0.029889563,0.0146848049
0.13144,1,0,0.0722329251,-0.0013514718
0.13148,0,0,0.0200364411,0.0090377013
0.13152,0,0,-0.046892723,-0.00777486428
0.13156,0,0,-0.0557415925,-0.0106677825
0.1316,0,0,-0.0208858783,0.00168352834
0.13164,1,0,0.0287703052,0.014255493
0.13168,1,0,0.283787144,-0.0103122914
0.13172,1,0,-0.235856554,0.00316967448
0.13176,1,0,-0.0431578946,0.0110983935
0.1318,0,0,0.205843027,0.00498480278
0.13184,0,0,-0.1288244,-0.00298355636
0.13188,0,0,0.00912873171,0.00289657112
0.13192,0,0,0.116470557,0.00349389726
0.13196,1,0,-0.0530880217,0.00591732578
0.132,1,0,-0.0725819712,-0.0228303993
0.13204,1,0,0.0653814317,0.00948186498
0.13208,1,0,-0.0662683912,0.00073881348
0.13212,1,0,0.0160182351,-0.00710566581
0.13216,0,0,0.14793492,0.0212276563
0.1322,0,0,0.0238927498,-0.00724458323
0.13224,0,0,-0.0571463887,-0.00187503508
0.13228,0,0,-0.079763151,-0.0212286821
0.13232,1,0,-0.0051247194,-0.000803633517
0.13236,1,0,-0.0817692864,0.00280275692
0.1324,1,0,0.0391241254,-0.00498445699
0.13244,1,0,0.0613098178,-0.012781192
0.13248,0,0,-0.0263096258,0.00316257755
0.13252,0,0,0.0714304364,0.00454099157
0.13256,0,0,0.0357478249,0.00203293891
0.1326,0,0,-0.0187328857,-0.00107827736
0.13264,1,0,-0.0690706404,0.00466628462
0.13268,1,0,0.092057734,0.00366860385
0.13272,1,0,-0.0774437929,-0.0021439779
0.13276,1,0,-0.0390891678,0.00909976471
0.1328,0,0,0.00789018764,-0.0137747883
0.13284,0,0,0.0309947502,0.0034032787
0.13288,0,0,0.0839853457,-0.0149268759
0.13292,0,0,0.0593364561,0.00567070113
0.13296,1,0,0.0206496334,-0.00511730767
0.133,1,0,-0.0436204996,0.0126976919
0.13304,1,0,0.0866745161,-0.00572405135
0.13308,1,0,-0.045303944,0.00407123554
0.13312,0,0,-0.0281705189,-0.00583911257
0.13316,0,0,0.0296300434,-0.00288415708
0.1332,0,0,-0.0140680061,-0.0269425367
0.13324,0,0,0.0211200032,0.0124635529
0.13328,1,0,0.0265362331,-0.00859659329
0.13332,1,0,0.0970054061,0.0017044891
0.13336,1,0,-0.0249855951,0.00496236575
0.1334,1,0,-0.102598213,-0.000738501601
0.13344,1,0,-0.0442890983,0.0116131863
0.13348,0,0,-0.0718077639,0.00874870079
0.13352,0,0,-0.0457745032,-0.00925532084
0.13356,0,0,-0.00160195858,-0.00721426933
0.1336,0,0,-0.000517700903,-0.00355934878
0.13364,1,0,-0.005892047,-0.0186672181
0.13368,1,0,0.0385675199,-0.00130100923
0.13372,1,0,0.0585350619,-0.000762066997
0.13376,1,0,-0.060770795,-0.0213157384
0.1338,0,0,-0.0357718356,0.00709601524
0.13384,0,0,0.0266088065,-0.00514825528
0.13388,0,0,0.0375571529,0.00852432878
0.13392,0,0,-0.0979325091,-0.00510080198
0.13396,1,0,-0.00357971711,0.0015364123
0.134,1,0,-0.026288454,0.0162457782
0.13404,1,0,0.00883315174,0.00747027212
0.13408,1,0,-0.0155805822,0.0020858145
0.13412,0,0,-0.0482056645,-0.00817707639
0.13416,0,0,-0.00922282439,-0.0139126258
0.1342,0,0,0.0100225041,0.000117914842
0.13424,0,0,0.10181963,0.0109758802
0.13428,1,0,-0.0116867049,0.010819805
0.13432,1,0,0.0236601188,0.00341493049
0.13436,1,0,0.0210517648,-0.00233452792
0.1344,1,0,0.015884956,-0.0195217572
0.13444,0,0,0.0281824923,-0.000620505249
0.13448,0,0,0.0436176333,0.0204034474
0.13452,0,0,0.0420546233,-0.00657128047
0.13456,0,0,0.0318801405,-0.0244976121
0.1346,0,0,0.0797536468,-0.00682568178
0.13464,1,0,0.0489312509,-0.00115935216
0.13468,1,0,0.0505083467,-0.0147652748
0.13472,1,0,0.0377022485,-0.0284929126
0.13476,1,0,0.0318149923,-0.00471180125
0.1348,0,0,-0.0540374279,0.00178793867
0.13484,0,0,0.0300789347,0.0103986692
0.13488,0,0,-0.0147744324,0.00319958744
0.13492,0,0,0.119188661,0.012156109
0.13496,1,0,0.00863044292,0.000559158179
0.135,1,0,-0.0739530151,-0.00516935235
0.13504,1,0,-0.0339178231,-0.00111099242
0.13508,1,0,0.0625809054,-0.00971001089
0.13512,0,0,-0.0207565352,0.010551568
0.13516,0,0,-0.0886886861,-0.0148520974
0.1352,0,0,-0.0661836654,0.0154420511
0.13524,0,0,0.0285246642,0.0200483389
0.13528,1,0,0.036013169,0.00215662769
0.13532,1,0,-0.120808944,-0.00201940724
0.13536,1,0,-0.0902008259,0.00381217131
0.1354,1,0,-0.0479118688,0.0040713237
0.13544,0,0,-0.0448999133,0.0125344184
0.13548,0,0,0.0774170767,-0.0201701457
0.13552,0,0,-0.0247699938,0.0126557601
0.13556,0,0,-0.0803363294,-0.00183329001
0.1356,0,0,-0.00807165967,0.0138546692
0.13564,1,0,0.0145109471,0.00189552162
0.13568,1,0,0.054871443,0.0198979575
0.13572,1,0,0.0500228987,-0.0123161302
0.13576,1,0,0.149165092,-0.0102481934
0.1358,0,0,-0.0112846029,0.00803265376
0.13584,0,0,0.0334597198,-0.0021800176
0.13588,0,0,0.0243494281,-0.00756285712
0.13592,0,0,-0.0147694657,0.0210992251
0.13596,1,0,-0.0500905499,0.000512766952
0.136,1,0,-0.0587111896,-0.000269983383
0.13604,1,0,0.0303868912,0.0123617081
0.13608,1,0,0.0538730752,0.0505594587
0.13612,0,0,0.0823107164,0.0653315161
0.13616,0,0,-0.0321202309,0.0954558136
0.1362,0,0,-0.0520590205,0.187890316
0.13624,0,0,-0.0334524242,0.275051804
0.13628,1,0,-0.130451696,0.385573874
0.13632,1,0,0.00990700231,0.540956183
0.13636,1,0,0.00310233171,0.693360959
0.1364,1,0,-0.000452272827,0.843818595
0.13644,1,0,0.00691709377,0.958349972
0.13648,0,0,-0.0284632161,1.03152084
0.13652,0,0,-0.0603830476,1.0217927
0.13656,0,0,-0.0753063901,0.958922631
0.1366,0,0,-0.119448085,0.886262029
0.13664,1,0,0.0223134733,0.742893544
0.13668,1,0,0.0887445636,0.607599423
0.13672,1,0,0.0143840329,0.504207568
0.13676,1,0,0.0804039574,0.371708607
0.1368,0,0,0.0409573727,0.309152092
0.13684,0,0,-0.104541793,0.283037733
0.13688,0,0,0.115474199,0.270425011
0.13692,0,0,0.0446872667,0.274973802
0.13696,1,0,0.1374626,0.302909372
0.137,1,0,0.0871687923,0.3336906
0.13704,1,0,0.0412483583,0.351071898
0.13708,1,0,0.0604002445,0.399716495
0.13712,0,0,0.00237689176,0.4223944
0.13716,0,0,0.0610692224,0.447569259
0.1372,0,0,0.0796551181,0.499768998
0.13724,0,0,0.0589728538,0.538556455
0.13728,0,0,0.12618458,0.544231221
0.13732,1,0,0.121147726,0.558520598
0.13736,1,0,0.189208746,0.587659349
0.1374,1,0,0.232599497,0.601300506
0.13744,1,0,0.180834594,0.613007996
0.13748,0,0,0.158015565,0.593593954
0.13752,0,0,0.0576701907,0.592873372
0.13756,0,0,0.217003004,0.590824041
0.1376,0,0,0.184907616,0.548305775
0.13764,1,0,0.216367701,0.542665384
0.13768,1,0,0.184427304,0.522040239
0.13772,1,0,0.0944249013,0.493399941
0.13776,1,0,0.159084622,0.449679795
0.1378,0,0,0.242315988,0.401899187
0.13784,0,0,0.204066875,0.377670859
0.13788,0,0,0.182270883,0.332855241
0.13792,0,0,0.155040242,0.305461699
0.13796,1,0,0.245491749,0.248987243
0.138,1,0,0.215053784,0.212933983
0.13804,1,0,0.154997178,0.190314168
0.13808,1,0,0.188228242,0.166178816
0.13812,1,0,0.238470762,0.141238803
0.13816,0,0,0.195301985,0.115394486
0.1382,0,0,0.158453075,0.103943277
0.13824,0,0,0.175407527,0.0887061167
0.13828,0,0,0.0995646971,0.0681268491
0.13832,1,0,0.269606165,0.0496543328
0.13836,1,0,0.163074661,0.0415959157
0.1384,1,0,0.241622167,0.0221880383
0.13844,1,0,0.234665349,0.0516094686
0.13848,0,0,0.12689584,0.018445129
0.13852,0,0,0.22419782,0.0122272415
0.13856,0,0,0.194786715,-0.000166661859
0.1386,0,0,0.218911888,0.00780028334
0.13864,1,0,0.210171477,0.0172526904
0.13868,1,0,0.0821816848,0.00058457415
0.13872,1,0,0.144070067,-0.000141931225
0.13876,1,0,0.148509773,0.000568886263
0.1388,0,0,0.228489549,-0.0147384653
0.13884,0,0,0.149999917,0.00210505666
0.13888,0,0,0.203529937,0.0135476185
0.13892,0,0,0.147484545,0.00347680345
0.13896,0,0,0.226896538,-0.0201177001
0.139,1,0,0.184310316,-0.0040363625
0.13904,1,0,0.0847962881,0.00759909107
0.13908,1,0,0.199216036,-0.0160446174
0.13912,1,0,0.135475969,0.00353521282
0.13916,0,0,0.0753842091,-0.00580633933
0.1392,0,0,0.0665361489,-0.00991150652
0.13924,0,0,0.16530326,0.0123416897
0.13928,0,0,0.14919916,0.00675987957
0.13932,0,0,0.0746677985,0.0293456292
0.13936,0,0,0.0793651301,-0.0100123147
0.1394,0,0,0.150286988,-0.00525352831
0.13944,0,0,-0.00498404229,-0.0010418488
0.13948,0,0,0.160722033,-0.0145208827
0.13952,0,0,-0.0771417129,8.31617894e-05
0.13956,0,0,0.108535151,0.00391059984
0.1396,0,0,0.0494870815,0.00444928341
0.13964,0,0,0.0469250092,-0.0105564124
0.13968,0,0,0.0611106936,-0.00237444224
0.13972,0,0,-0.0536114787,-0.00194199483
0.13976,0,0,0.0383705917,-0.00569933779
0.1398,0,0,0.0139452252,-0.00592082356
0.13984,0,0,-0.0351949466,-0.00364560949
0.13988,0,0,0.0719690317,-0.0230791697
0.13992,0,0,0.0156117037,0.00224194247
0.13996,0,0,0.0241364074,-0.0031015189
0.14,1,0,0.0741307087,0.00954044727
0.14004,1,0,-0.091404528,-0.0189980631
0.14008,1,0,0.0458118455,0.00746205999
0.14012,1,0,0.0863064661,0.00251712643
0.14016,0,0,-0.0820697132,-0.00222227856
0.1402,0,0,-0.0341184957,0.0119051329
0.14024,0,0,-0.0835688763,-0.00292592818
0.14028,0,0,0.0180196372,-0.0041664741
0.14032,1,0,-0.0558895812,-0.00684413249
0.14036,1,0,0.0123819586,0.0094693053
0.1404,1,0,-0.0339909731,0.0120829517
0.14044,1,0,-0.00650081815,-0.00539019838
0.14048,0,0,-0.0478075138,-0.0041299643
0.14052,0,0,0.0260400847,-0.0328533362
0.14056,0,0,0.101595571,-0.0113115642
0.1406,0,0,-0.062936248,0.0110624698
0.14064,1,0,0.00611159209,-0.0182284388
0.14068,1,0,-0.0140643997,0.00667425707
0.14072,1,0,0.0516063277,-0.0049807542
0.14076,1,0,-0.0206598845,0.00618487083
0.1408,0,0,-0.0340743095,-0.0102857433
0.14084,0,0,-0.116173441,-0.00814073393
0.14088,0,0,-0.0655644257,0.003685444
0.14092,0,0,-0.0907144212,0.0119714468
0.14096,0,0,-0.0309548676,-0.00505893278
0.141,1,0,-0.0286074876,0.0125631628
0.14104,1,0,-0.0300983956,0.0123448752
0.14108,1,0,0.0097684703,-0.0106877518
0.14112,1,0,0.037091709,-0.00226265198
0.14116,0,0,-0.0435438507,-0.00539335264
0.1412,0,0,-0.0650899178,0.00445031088
0.14124,0,0,-0.0851300461,-0.0059344775
0.14128,0,0,0.0483877327,-0.00204074564
0.14132,1,0,-0.023585214,0.0142595939
0.14136,1,0,0.00695965529,-0.0175756135
0.1414,1,0,-0.0751519749,-0.000307732433
0.14144,1,0,0.0907476712,-0.0055292163
0.14148,0,0,-0.00872584049,0.00232366737
0.14152,0,0,-0.0283065831,0.0140194244
0.14156,0,0,-0.0456990853,-0.000723822868
0.1416,0,0,-0.0511366509,-0.00162750646
0.14164,1,0,-0.0576609378,-0.0138549078
0.14168,1,0,0.25011835,-0.0163734653
0.14172,1,0,-0.188534314,0.00170062099
0.14176,1,0,-0.00832857536,0.00464425837
0.1418,0,0,0.185001891,0.00138550875
0.14184,0,0,-0.0251714179,-0.00751678392
0.14188,0,0,-0.138281896,0.0118727617
0.14192,0,0,0.200388647,-0.0054914251
0.14196,1,0,-0.0101708286,0.00325670152
0.142,1,0,-0.0595809499,0.00810218298
0.14204,1,0,0.0831475376,-0.00380913438
0.14208,1,0,-0.0409256471,0.00894052364
0.14212,1,0,-0.150886138,-0.00993794277
0.14216,0,0,0.0562563861,-0.00144980001
0.1422,0,0,-0.0497010084,0.00597538299
0.14224,0,0,-0.0454058598,-0.00464298733
0.14228,0,0,0.089665123,-0.00716536106
0.14232,1,0,-0.00620754321,0.00554255061
0.14236,1,0,-0.0152574541,0.0035771158
0.1424,1,0,0.0685984855,-0.00870851934
0.14244,1,0,0.070251411,-0.00908312785
0.14248,0,0,-0.0502534895,0.0111476126
0.14252,0,0,0.0132246996,0.00359746736
0.14256,0,0,-0.0115039045,-0.00393744541
0.1426,0,0,-0.0575268019,-0.00174392302
0.14264,1,0,0.0918783811,-0.0107298647
0.14268,1,0,-0.0851486108,-0.00541091712
0.14272,1,0,0.0918980495,0.00561503174
0.14276,1,0,-0.125944019,0.0189159606
0.1428,0,0,0.0214513919,-0.0125863581
0.14284,0,0,-0.0490629553,0.000594247675
0.14288,0,0,-0.0124307673,0.00502397476
0.14292,0,0,-0.0664668253,0.020348373
0.14296,1,0,0.0749991837,-0.00912801726
0.143,1,0,0.0754178303,0.0145127796
0.14304,1,0,-0.0215209203,0.0100837927
0.14308,1,0,0.0318387831,0.0193502995
0.14312,0,0,-0.0306448928,-0.00332423048
0.14316,0,0,0.0510914064,-0.0082346855
0.1432,0,0,-0.0956293842,0.00914539064
0.14324,0,0,-0.0572265721,0.0149091325
0.14328,1,0,-0.0283802952,-0.00786906864
0.14332,1,0,-0.0363382283,0.00946899123
0.14336,1,0,-0.0318046869,0.00568522273
0.1434,1,0,0.100123121,0.00451942957
0.14344,1,0,-0.0192562449,-0.00043561894
0.14348,0,0,0.0211086157,0.00962785402
0.14352,0,0,-0.00554944766,0.000804949471
0.14356,0,0,0.0361756936,0.0187849669
0.1436,0,0,-0.177523797,0.000495853554
0.14364,1,0,-0.0169102496,0.00435398526
0.14368,1,0,0.0122154737,-0.00394179815
0.14372,1,0,0.0476115131,0.00512638676
0.14376,1,0,-0.0883825908,0.00810045139
0.1438,0,0,0.0752709484,0.00431591607
0.14384,0,0,-0.0548359776,-0.00274032075
0.14388,0,0,-0.00394580321,-0.0104072856
0.14392,0,0,0.0164712438,0.0110080943
0.14396,1,0,0.102729886,-0.00652736347
0.144,1,0,0.0163704699,-0.0112480064
0.14404,1,0,-0.000825492366,0.0110498801
0.14408,1,0,-0.000679821,0.0190974535
0.14412,0,0,0.116346385,0.0105049523
0.14416,0,0,0.046097713,-0.0144051321
0.1442,0,0,0.0363483156,-0.00249619462
0.14424,0,0,-0.0158897985,0.0045559323
0.14428,1,0,-0.00351532211,0.00213470855
0.14432,1,0,-0.0933423293,-0.00205693573
0.14436,1,0,0.0116482694,0.00447146661
0.1444,1,0,0.048076869,-0.0125415435
0.14444,0,0,0.0202818748,-0.00505056948
0.14448,0,0,-0.00170994671,0.00358528385
0.14452,0,0,-0.0250832024,-0.00203804702
0.14456,0,0,-0.0361706535,-0.00391634432
0.1446,0,0,0.0227027126,0.00252883008
0.14464,1,0,0.0518789859,-0.00844087262
0.14468,1,0,0.0550435515,0.00324045819
0.14472,1,0,0.00799882569,-0.0191128574
0.14476,1,0,0.129969118,0.012648139
0.1448,0,0,-0.0212993621,-0.011115306
0.14484,0,0,-0.117300788,-0.00418529979
0.14488,0,0,0.0477812916,-0.0142594562
0.14492,0,0,-0.0200594733,0.0103233157
0.14496,1,0,-0.0920387023,0.00569628598
0.145,1,0,0.0790387446,0.0123210688
0.14504,1,0,-0.0743502582,-0.0100450052
0.14508,1,0,0.023760268,-0.0137701101
0.14512,0,0,0.0280108948,-0.010333675
0.14516,0,0,0.0625647648,-0.0105232504
0.1452,0,0,-0.030769892,0.00707617899
0.14524,0,0,0.0756150472,0.00191910268
0.14528,1,0,0.0519263575,-0.00423321628
0.14532,1,0,0.0844244433,0.00102148043
0.14536,1,0,-0.00882288667,0.00166126064
0.1454,1,0,-0.00497276841,0.00320815217
0.14544,0,0,0.097696099,0.00618873602
0.14548,0,0,-0.035765161,0.00792933656
0.14552,0,0,-0.0653171916,0.0158682861
0.14556,0,0,-0.0255306372,-0.00891894836
0.1456,0,0,0.106492876,-0.00771694801
0.14564,1,0,0.0204935148,-0.00200261103
0.14568,1,0,0.0154185854,-0.0235991651
0.14572,1,0,-0.0214630388,0.00980535194
0.14576,1,0,0.0815554636,0.00254096904
0.1458,0,0,-0.000900244764,-0.0166814219
0.14584,0,0,-0.0306901485,-0.00134466143
0.14588,0,0,-0.019724361,-0.00132840281
0.14592,0,0,0.0349952688,0.00734527817
0.14596,1,0,0.00665780015,0.0103807979
0.146,1,0,-0.0609061831,0.01346818
0.14604,1,0,0.070474735,0.0107015246
0.14608,1,0,-0.0323239623,0.0421240598
0.14612,0,0,-0.0514808659,0.0729301751
0.14616,0,0,-0.0239577169,0.121665856
0.1462,0,0,0.0470813894,0.165637288
0.14624,0,0,0.0134483555,0.274138176
0.14628,1,0,-0.0337361554,0.394818024
0.14632,1,0,0.0229905191,0.540475331
0.14636,1,0,-0.0252315556,0.705332037
0.1464,1,0,0.00227123828,0.843285233
0.14644,1,0,0.012015728,0.947610675
0.14648,0,0,-0.0516970501,1.03083847
0.14652,0,0,-0.0245610801,1.03363565
0.14656,0,0,0.0424358203,0.973749487
0.1466,0,0,0.0388854987,0.882448233
0.14664,1,0,-0.0908140914,0.721273196
0.14668,1,0,-0.0618393528,0.612747049
0.14672,1,0,0.00304665446,0.478871862
0.14676,1,0,0.0337301403,0.363226257
0.1468,0,0,0.122929282,0.326035269
0.14684,0,0,0.0580635812,0.261876195
0.14688,0,0,0.0521004644,0.245018374
0.14692,0,0,0.139957518,0.280692656
0.14696,1,0,0.119364108,0.28606479
0.147,1,0,-0.00745071255,0.315369481
0.14704,1,0,0.0447402845,0.338625448
0.14708,1,0,0.0958497001,0.386529447
0.14712,0,0,0.0725453987,0.427326345
0.14716,0,0,0.125364048,0.456103596
0.1472,0,0,0.0702501651,0.498020197
0.14724,0,0,0.148064592,0.521796275
0.14728,0,0,0.169794269,0.564153142
0.14732,1,0,0.106876274,0.587245205
0.14736,1,0,0.101368409,0.592210371
0.1474,1,0,0.122972189,0.601102616
0.14744,1,0,0.221414268,0.595765514
0.14748,0,0,0.233748182,0.599154572
0.14752,0,0,-0.0209279504,0.585853166
0.14756,0,0,0.212437847,0.583158559
0.1476,0,0,0.222062181,0.55362085
0.14764,1,0,0.14418766,0.535296073
0.14768,1,0,0.175122292,0.504751159
0.14772,1,0,0.140071763,0.485186897
0.14776,1,0,0.154818551,0.427784515
0.1478,0,0,0.164097746,0.397990822
0.14784,0,0,0.213118889,0.371543799
0.14788,0,0,0.247575966,0.336831938
0.14792,0,0,0.190157905,0.303633696
0.14796,1,0,0.156979386,0.257547065
0.148,1,0,0.279006214,0.210439452
0.14804,1,0,0.166816786,0.194275999
0.14808,1,0,0.158400506,0.158978394
0.14812,1,0,0.237048219,0.139841923
0.14816,0,0,0.133394408,0.116492546
0.1482,0,0,0.225386217,0.114632901
0.14824,0,0,0.166212154,0.0958193258
0.14828,0,0,0.196542037,0.049826105
0.14832,1,0,0.237528294,0.0367001607
0.14836,1,0,0.202614768,0.0706855442
0.1484,1,0,0.0977927909,0.0081467451
0.14844,1,0,0.132923654,0.0266350334
0.14848,0,0,0.126392947,0.0256841661
0.14852,0,0,0.268568311,0.0176679191
0.14856,0,0,0.19336709,0.00543219478
0.1486,0,0,0.209824219,0.0147748815
0.14864,1,0,0.212131289,0.0235990767
0.14868,1,0,0.12379492,-0.000285997121
0.14872,1,0,0.179874403,0.00680093538
0.14876,1,0,0.189675568,-0.00530970907
0.1488,0,0,0.167231476,0.00582531376
0.14884,0,0,0.136821933,0.00949819562
0.14888,0,0,0.131684314,0.000456253931
0.14892,0,0,0.14116944,-0.0069844883
0.14896,0,0,0.21922273,-0.00340733565
0.149,1,0,0.186884114,-0.00679227092
0.14904,1,0,0.200078697,0.00780792076
0.14908,1,0,0.170482987,-0.000880581984
0.14912,1,0,0.12241422,-0.0133700368
0.14916,0,0,0.157278087,0.0074932459
0.1492,0,0,0.102107753,0.0115750416
0.14924,0,0,0.0364116075,-0.030836968
0.14928,0,0,0.13558026,0.0158744761
0.14932,1,0,0.110691482,-0.0196860522
0.14936,1,0,0.0565546085,-0.00387241705
0.1494,1,0,0.0834595305,-0.00337245792
0.14944,1,0,0.215501651,-0.0034574687
0.14948,0,0,0.0421377441,-0.00866307504
0.14952,0,0,0.031770203,0.0079878157
0.14956,0,0,0.0997461508,0.00277518713
0.1496,0,0,0.0642063306,0.000221358383
0.14964,1,0,0.0637633821,0.00672069931
0.14968,1,0,0.0811000395,-0.000996460702
0.14972,1,0,0.0647481574,-0.0117480482
0.14976,1,0,0.08861239,-0.00242027061
0.1498,1,0,0.149609256,-0.00741523846
0.14984,0,0,0.0852449008,-0.00877832973
0.14988,0,0,0.0136569806,-0.00846205143
0.14992,0,0,-0.00398233548,0.0119641836
0.14996,0,0,-0.101249023,-0.0186785745
0.15,1,0,-0.0101335121,0.00598840788
0.15004,1,0,0.00366770945,-0.00513963813
0.15008,1,0,0.0700020417,-0.00220953013
0.15012,1,0,-0.0809238685,0.019579579
0.15016,0,0,-0.022640403,-0.00618032293
0.1502,0,0,0.0331063058,-0.0155712313
0.15024,0,0,-0.0374868451,0.00508329913
0.15028,0,0,-0.0100357327,0.00713434032
0.15032,1,0,-0.0920947711,0.0112528604
0.15036,1,0,-0.0872537492,0.00383219555
0.1504,1,0,0.0549062532,-0.0187243542
0.15044,1,0,0.00505387565,0.0182286376
0.15048,0,0,-0.0333360735,1.0059015e-05
0.15052,0,0,0.00386200398,-0.0134558888
0.15056,0,0,-0.00291456212,-0.00969017527
0.1506,0,0,0.0866271574,0.00530550479
0.15064,1,0,0.0613767988,-0.0070491786
0.15068,1,0,0.0590543627,0.00811410743
0.15072,1,0,-0.17083568,0.0018257792
0.15076,1,0,-0.00489715764,-0.00644051452
0.1508,0,0,-0.0587764417,0.00576006816
0.15084,0,0,-0.0541121827,-0.0081710004
0.15088,0,0,0.028414316,-0.00279406562
0.15092,0,0,0.0062827421,-0.00723831374
0.15096,0,0,-0.0616543875,0.0157623298
0.151,1,0,-0.00772929538,0.00771948121
0.15104,1,0,0.0425138359,-0.00296367333
0.15108,1,0,0.00936693561,-0.00715201748
0.15112,1,0,-0.061296717,-0.00216279707
0.15116,0,0,0.0106147007,-0.00622294595
0.1512,0,0,0.116940769,0.00104592374
0.15124,0,0,0.0552751798,0.0103320592
0.15128,0,0,0.0262888176,-0.00518411695
0.15132,1,0,-0.00464738848,0.00322499779
0.15136,1,0,0.0161929566,0.0148179704
0.1514,1,0,-0.0463969938,-0.00569139222
0.15144,1,0,0.0455879059,-0.00114918174
0.15148,0,0,-0.0296601278,0.00711120027
0.15152,0,0,0.0631030094,0.0046184854
0.15156,0,0,-0.00590288812,-0.024696444
0.1516,0,0,0.0505225236,-0.015606547
0.15164,1,0,-0.0189604074,-0.0109269632
0.15168,1,0,0.267163762,-0.00540874018
0.15172,1,0,-0.277722367,0.0235224484
0.15176,1,0,-0.0869469369,0.00504809894
0.1518,0,0,0.112985895,-0.0148036883
0.15184,0,0,-0.102281285,0.0188268547
0.15188,0,0,-0.1291079,0.00825910394
0.15192,0,0,0.151240749,-0.0108757294
0.15196,1,0,-0.00674706564,0.000649566539
0.152,1,0,-0.0764954858,0.004345999
0.15204,1,0,0.0614641983,0.0149906248
0.15208,1,0,0.0767124921,-0.00951528652
0.15212,1,0,-0.0580556736,0.00534536603
0.15216,0,0,-0.0615294479,-0.0197605411
0.1522,0,0,0.0744093502,-0.00785239394
0.15224,0,0,-0.123872943,0.00946697015
0.15228,0,0,0.00704583328,-0.014909743
0.15232,1,0,-0.049320007,-0.0155468005
0.15236,1,0,-0.0330644969,-0.000274357047
0.1524,1,0,0.0176471312,0.000685012998
0.15244,1,0,0.0228521399,-0.00312108865
0.15248,0,0,-0.0704984605,-0.00885527285
0.15252,0,0,-0.00726757023,-0.00286177476
0.15256,0,0,-0.00204756249,-0.00935589356
0.1526,0,0,-0.0685922604,-0.00966034442
0.15264,1,0,0.00474892861,-0.00815154265
0.15268,1,0,-0.0254199328,-0.015091933
0.15272,1,0,-0.0385681173,0.00882587864
0.15276,1,0,0.022522496,-0.0108543828
0.1528,0,0,0.0744526956,-0.0111770349
0.15284,0,0,-0.0574115651,-0.0141766286
0.15288,0,0,-0.0117234511,0.0203270205
0.15292,0,0,0.00154504537,0.00175689234
0.15296,1,0,-0.0136695401,-0.00587977581
0.153,1,0,0.026943531,-0.0107333825
0.15304,1,0,-0.0831317725,-0.00101094376
0.15308,1,0,0.0246110024,0.00423086037
0.15312,0,0,0.00194224352,0.000761889158
0.15316,0,0,0.0131461533,0.0074487998
0.1532,0,0,-0.0271699009,-0.00340144723
0.15324,0,0,-0.00922831472,0.00230092957
0.15328,1,0,0.0561570349,-0.00645591853
0.15332,1,0,-0.110724063,0.00919329606
0.15336,1,0,0.0118157609,0.00989456748
0.1534,1,0,-0.113696038,0.0198799745
0.15344,1,0,0.101700939,0.00987279312
0.15348,0,0,0.0175380455,0.00225216944
0.15352,0,0,-0.0340606635,-0.00556505805
0.15356,0,0,0.0838537367,-0.0200919283
0.1536,0,0,0.157765851,-0.00387330087
0.15364,1,0,0.0550558139,-0.00536290279
0.15368,1,0,0.0390194573,-9.29778476e-05
0.15372,1,0,-0.00229099695,-0.00926686503
0.15376,1,0,-0.0212921675,-0.00293956275
0.1538,0,0,-0.0239637549,0.0192250039
0.15384,0,0,-0.0460676937,-0.00539253239
0.15388,0,0,0.00813823526,-0.0092810043
0.15392,0,0,-0.0290304917,-0.0115002561
0.15396,1,0,0.0617748291,0.0146374365
0.154,1,0,-0.0670307622,0.00920830952
0.15404,1,0,0.0235997539,-0.0141833313
0.15408,1,0,-0.0211929946,0.00258709552
0.15412,0,0,0.0240422837,-0.00257201005
0.15416,0,0,-0.0360637199,-0.0116274151
0.1542,0,0,0.012450385,-0.00840853787
0.15424,0,0,-0.0333893554,0.0115418259
0.15428,1,0,-0.0503934763,-0.00444616309
0.15432,1,0,0.0377794765,0.0183289684
0.15436,1,0,-0.0626689176,0.00165816478
0.1544,1,0,0.0821923927,-0.00293373655
0.15444,0,0,-0.037429651,0.00796801016
0.15448,0,0,-0.00609369968,0.0134072561
0.15452,0,0,0.0164849933,0.00713210169
0.15456,0,0,0.0716912659,-0.0215496653
0.1546,0,0,-0.0215570478,-0.000292252156
0.15464,1,0,0.00890687723,-0.00589578087
0.15468,1,0,0.0167774252,-0.01283075
0.15472,1,0,-0.0965249449,0.00809102163
0.15476,1,0,0.0295518967,0.00461035886
0.1548,0,0,0.0347247238,0.00734274947
0.15484,0,0,0.0798751565,0.005096262
0.15488,0,0,-0.0166797193,0.00388383647
0.15492,0,0,-0.0815152874,0.00892153344
0.15496,1,0,0.0160643354,-0.0102044357
0.155,1,0,-0.0173033177,0.00554476722
0.15504,1,0,0.0157055848,0.00781248784
0.15508,1,0,-0.0617428861,0.0173134358
0.15512,0,0,0.0602996222,-0.00364889133
0.15516,0,0,-0.0513503124,0.0202025261
0.1552,0,0,0.0493965907,0.00677650848
0.15524,0,0,-0.010701015,0.00243721744
0.15528,1,0,-0.0266763057,-0.00743372109
0.15532,1,0,0.0389224423,-0.0101306703
0.15536,1,0,0.0657418763,0.00228527467
0.1554,1,0,-0.0529375622,-0.0130388243
0.15544,0,0,-0.00935748541,-0.00152697082
0.15548,0,0,0.107627496,-0.00198991021
0.15552,0,0,0.00937383004,0.00405590532
0.15556,0,0,0.0312670401,0.00125930114
0.1556,0,0,-0.0421420182,-0.00122660683
0.15564,1,0,0.104598895,-0.0145691782
0.15568,1,0,0.037906949,0.00665330599
0.15572,1,0,-0.0661971672,-0.0265268999
0.15576,1,0,0.0280999848,0.000806567305
0.1558,0,0,0.0664607576,-0.00130625448
0.15584,0,0,-0.0532990967,-0.00272326143
0.15588,0,0,-0.0343105291,0.0135805929
0.15592,0,0,-0.0721704562,-0.012265967
0.15596,1,0,-0.0502555699,-0.0107597499
0.156,1,0,-0.0341853772,0.0319003799
0.15604,1,0,-0.0432160868,0.0132112915
0.15608,1,0,-0.0683875,0.0453704894
0.15612,0,0,0.0420175298,0.0775051613
0.15616,0,0,-0.0375221036,0.122562155
0.1562,0,0,-0.00265350908,0.164582826
0.15624,0,0,-0.0152398698,0.266098308
0.15628,1,0,-0.000861749087,0.404449338
0.15632,1,0,0.0245626504,0.524582099
0.15636,1,0,-0.00866185693,0.704953406
0.1564,1,0,-0.0271780119,0.832411949
0.15644,1,0,0.0471790101,0.950329738
0.15648,0,0,0.0688433382,1.02165997
0.15652,0,0,0.0878264231,1.02250931
0.15656,0,0,-0.0296823768,0.970184322
0.1566,0,0,0.0186282234,0.862498631
0.15664,1,0,0.0215484775,0.746902584
0.15668,1,0,-0.0791251329,0.605946
0.15672,1,0,-0.0355490222,0.470686643
0.15676,1,0,0.0536083214,0.379529877
0.1568,0,0,0.0788010426,0.313381744
0.15684,0,0,0.0445650026,0.278790602
0.15688,0,0,0.0536249712,0.261256272
0.15692,0,0,0.0773370442,0.270567899
0.15696,1,0,0.119163552,0.290338783
0.157,1,0,0.112278614,0.328651155
0.15704,1,0,0.0635944641,0.354251188
0.15708,1,0,0.0189691631,0.381175412
0.15712,0,0,0.139714437,0.424578558
0.15716,0,0,0.0956741034,0.45233554
0.1572,0,0,0.0826485185,0.4884969
0.15724,0,0,0.0544213606,0.508346878
0.15728,0,0,0.141476156,0.558467242
0.15732,1,0,0.152136817,0.570256064
0.15736,1,0,0.149169983,0.592898587
0.1574,1,0,0.108222325,0.595410088
0.15744,1,0,0.113900929,0.602296365
0.15748,0,0,0.0668137209,0.603419516
0.15752,0,0,0.126663278,0.598764027
0.15756,0,0,0.139731478,0.569774207
0.1576,0,0,0.125501415,0.551147298
0.15764,1,0,0.185660744,0.527830342
0.15768,1,0,0.0967696695,0.496360929
0.15772,1,0,0.118848327,0.479533463
0.15776,1,0,0.189296801,0.42209851
0.1578,0,0,0.156080218,0.429758498
0.15784,0,0,0.206605301,0.361175825
0.15788,0,0,0.237614618,0.329112554
0.15792,0,0,0.134045731,0.294985458
0.15796,1,0,0.100380246,0.260728116
0.158,1,0,0.18442797,0.233467234
0.15804,1,0,0.114765732,0.197879937
0.15808,1,0,0.159767686,0.167901999
0.15812,1,0,0.246864851,0.122915285
0.15816,0,0,0.155514078,0.122659183
0.1582,0,0,0.224080216,0.129986809
0.15824,0,0,0.209129539,0.0926380384
0.15828,0,0,0.245455039,0.0759606431
0.15832,1,0,0.168245631,0.0493710123
0.15836,1,0,0.190520799,0.0419512257
0.1584,1,0,0.294168915,0.0140168956
0.15844,1,0,0.167311808,0.029419237
0.15848,0,0,0.250164417,0.0151140173
0.15852,0,0,0.187301953,0.0108879846
0.15856,0,0,0.16053963,0.00521155248
0.1586,0,0,0.178479231,0.0035092447
0.15864,1,0,0.152391109,0.0217984054
0.15868,1,0,0.142145602,-0.00564448779
0.15872,1,0,0.188376469,-0.00622486672
0.15876,1,0,0.256460051,0.00448567296
0.1588,0,0,0.182143759,0.0131865702
0.15884,0,0,0.234614521,0.00355101398
0.15888,0,0,0.195455211,0.00691673583
0.15892,0,0,0.205441383,0.004508108
0.15896,0,0,0.172256911,-0.000111360326
0.159,1,0,0.0763283379,-0.0146923861
0.15904,1,0,0.13650226,0.00683329608
0.15908,1,0,0.219344244,-0.0142968154
0.15912,1,0,0.136247912,-0.00369755473
0.15916,0,0,0.137150807,-0.00333779052
0.1592,0,0,0.198754489,0.00507069661
0.15924,0,0,0.139486019,0.0135460139
0.15928,0,0,0.073855499,-0.0193873777
0.15932,0,0,0.0676971963,0.000315809695
0.15936,0,0,0.0971608656,-0.00752036617
0.1594,0,0,0.139912174,0.00509996706
0.15944,0,0,-0.00707864693,-0.0151898643
0.15948,0,0,0.201059417,-0.00494883795
0.15952,0,0,0.0587942839,-0.017677298
0.15956,0,0,0.0150613714,-0.0268118001
0.1596,0,0,0.0346050714,-0.0111216557
0.15964,0,0,-0.0363537543,-0.00382415893
0.15968,0,0,0.0574138367,0.0096456431
0.15972,0,0,-0.0125833339,-0.000528962462
0.15976,0,0,0.0642407807,-0.0012789898
0.1598,0,0,-0.137433238,-0.00890884391
0.15984,0,0,0.073703779,-0.0178846537
0.15988,0,0,0.0466930748,0.0159226702
0.15992,0,0,-0.0195498812,0.0146324811
0.15996,0,0,0.108872251,0.00606280331
